date,state,district,market,crop_type,arrivals_quintals,min_price_rs_quintal,max_price_rs_quintal,modal_price_rs_quintal
2024-11-04,Maharashtra,Sangli,Sangli,TURMERIC,1.2,12000,15800,13900
2024-10-16,Maharashtra,Sangli,Sangli,TURMERIC,12.6,10000,14775,12388
2024-10-14,Maharashtra,Sangli,Sangli,TURMERIC,18,12000,13425,12713
2024-10-11,Maharashtra,Sangli,Sangli,TURMERIC,3.8,13100,14900,14000
2024-10-09,Maharashtra,Sangli,Sangli,TURMERIC,3.6,14000,16350,15175
2024-09-25,Maharashtra,Sangli,Sangli,TURMERIC,1,13100,19000,16050
2024-09-09,Maharashtra,Sangli,Sangli,TURMERIC,3.8,12300,15700,14000
2024-08-28,Maharashtra,Sangli,Sangli,TURMERIC,0.4,10050,13200,11625
2024-07-26,Maharashtra,Sangli,Sangli,TURMERIC,,11500,17660,14580
2024-07-24,Maharashtra,Sangli,Sangli,TURMERIC,,11000,18000,14500
2024-07-12,Maharashtra,Sangli,Sangli,TURMERIC,,12500,17050,14775
2024-07-10,Maharashtra,Sangli,Sangli,TURMERIC,,13300,18000,15650
2024-07-08,Maharashtra,Sangli,Sangli,TURMERIC,,13500,18100,15800
2024-07-03,Maharashtra,Sangli,Sangli,TURMERIC,,13800,18000,15900
2024-07-01,Maharashtra,Sangli,Sangli,TURMERIC,,13500,17600,15550
2024-06-26,Maharashtra,Sangli,Sangli,TURMERIC,,14500,20600,17550
2024-06-21,Maharashtra,Sangli,Sangli,TURMERIC,,14500,19000,16750
2024-06-14,Maharashtra,Sangli,Sangli,TURMERIC,,15000,18410,16705
2024-05-25,Maharashtra,Sangli,Sangli,TURMERIC,367.6,16000,22000,19000
2024-05-22,Maharashtra,Sangli,Sangli,TURMERIC,145.2,15500,20000,17750
2024-05-21,Maharashtra,Sangli,Sangli,TURMERIC,408.5,15700,22300,19000
2024-05-20,Maharashtra,Sangli,Sangli,TURMERIC,201.1,16000,21400,18700
2024-05-18,Maharashtra,Sangli,Sangli,TURMERIC,482.9,14500,20500,17500
2024-05-17,Maharashtra,Sangli,Sangli,TURMERIC,273.4,14200,20300,17250
2024-05-16,Maharashtra,Sangli,Sangli,TURMERIC,483.2,14500,21300,17900
2024-05-15,Maharashtra,Sangli,Sangli,TURMERIC,312,14000,18100,16050
2024-05-14,Maharashtra,Sangli,Sangli,TURMERIC,483.6,14400,20010,17205
2024-05-13,Maharashtra,Sangli,Sangli,TURMERIC,514.9,14500,20200,17350
2024-05-11,Maharashtra,Sangli,Sangli,TURMERIC,569.8,14500,22000,18250
2024-05-09,Maharashtra,Sangli,Sangli,TURMERIC,537.5,14500,19900,17200
2024-04-30,Maharashtra,Sangli,Sangli,TURMERIC,539.6,14700,22300,18500
2024-04-29,Maharashtra,Sangli,Sangli,TURMERIC,725.3,14500,21100,17800
2024-04-26,Maharashtra,Sangli,Sangli,TURMERIC,512.4,14500,21600,18050
2024-04-25,Maharashtra,Sangli,Sangli,TURMERIC,505.2,14100,21000,17550
2024-04-24,Maharashtra,Sangli,Sangli,TURMERIC,1292.8,14200,22000,18100
2024-04-22,Maharashtra,Sangli,Sangli,TURMERIC,1051.6,14000,22000,18000
2024-04-19,Maharashtra,Sangli,Sangli,TURMERIC,1285.5,15300,23500,19400
2024-04-15,Maharashtra,Sangli,Sangli,TURMERIC,1384,15000,21050,18025
2024-04-06,Maharashtra,Sangli,Sangli,TURMERIC,1599,13500,22000,17750
2024-03-26,Maharashtra,Sangli,Sangli,TURMERIC,2130.6,16500,70000,43250
2024-03-23,Maharashtra,Sangli,Sangli,TURMERIC,2287.4,15500,22200,18850
2024-03-22,Maharashtra,Sangli,Sangli,TURMERIC,857.8,15000,25000,20000
2024-03-20,Maharashtra,Sangli,Sangli,TURMERIC,1798,15900,61000,38450
2024-03-19,Maharashtra,Sangli,Sangli,TURMERIC,549.6,15500,27000,21250
2024-03-18,Maharashtra,Sangli,Sangli,TURMERIC,1649.3,15400,25200,20300
2024-03-16,Maharashtra,Sangli,Sangli,TURMERIC,1817.6,15200,22000,18600
2024-03-15,Maharashtra,Sangli,Sangli,TURMERIC,1996.7,14800,26200,20500
2024-03-14,Maharashtra,Sangli,Sangli,TURMERIC,1984.3,15000,35000,25000
2024-03-13,Maharashtra,Sangli,Sangli,TURMERIC,1990.3,15000,26000,20500
2024-03-12,Maharashtra,Sangli,Sangli,TURMERIC,1785.7,15700,27000,21350
2024-03-11,Maharashtra,Sangli,Sangli,TURMERIC,2108.3,17500,51000,34250
2024-03-09,Maharashtra,Sangli,Sangli,TURMERIC,144,12900,17600,15250
2024-03-07,Maharashtra,Sangli,Sangli,TURMERIC,1950.9,13500,29000,21250
2024-03-06,Maharashtra,Sangli,Sangli,TURMERIC,1288.5,13200,35000,24100
2024-03-04,Maharashtra,Sangli,Sangli,TURMERIC,1296,13500,27000,20250
2024-03-02,Maharashtra,Sangli,Sangli,TURMERIC,1352.1,14700,32000,23350
2024-03-01,Maharashtra,Sangli,Sangli,TURMERIC,1410.8,14000,24000,19000
2024-02-29,Maharashtra,Sangli,Sangli,TURMERIC,1608.9,14000,31000,22500
2024-02-17,Maharashtra,Sangli,Sangli,TURMERIC,208,12000,25800,18900
2024-02-02,Maharashtra,Sangli,Sangli,TURMERIC,16,10500,31000,20750
2024-01-29,Maharashtra,Sangli,Sangli,TURMERIC,57,7500,14600,11050
2024-01-24,Maharashtra,Sangli,Sangli,TURMERIC,3,8000,16000,12000
2024-01-19,Maharashtra,Sangli,Sangli,TURMERIC,49,6500,11800,9150
2024-01-05,Maharashtra,Sangli,Sangli,TURMERIC,2,7500,13000,10250
2023-12-27,Maharashtra,Sangli,Sangli,TURMERIC,11,7000,12725,9863
2023-12-22,Maharashtra,Sangli,Sangli,TURMERIC,61,7500,14220,10860
2023-12-20,Maharashtra,Sangli,Sangli,TURMERIC,2,6800,13500,10150
2023-11-06,Maharashtra,Sangli,Sangli,TURMERIC,1,6500,12400,9450
2023-11-02,Maharashtra,Sangli,Sangli,TURMERIC,,6000,13000,9500
2023-10-16,Maharashtra,Sangli,Sangli,TURMERIC,27,7300,15000,11150
2023-08-28,Maharashtra,Sangli,Sangli,TURMERIC,8,8500,18000,13250
2023-08-25,Maharashtra,Sangli,Sangli,TURMERIC,31,8500,18000,13250
2023-08-23,Maharashtra,Sangli,Sangli,TURMERIC,40,6500,17500,12000
2023-08-21,Maharashtra,Sangli,Sangli,TURMERIC,34,7500,18000,12750
2023-08-14,Maharashtra,Sangli,Sangli,TURMERIC,77,7500,16750,12125
2023-08-12,Maharashtra,Sangli,Sangli,TURMERIC,285,7200,16100,11650
2023-08-11,Maharashtra,Sangli,Sangli,TURMERIC,125,7500,18000,12750
2023-08-09,Maharashtra,Sangli,Sangli,TURMERIC,87,7800,20000,13900
2023-08-07,Maharashtra,Sangli,Sangli,TURMERIC,117,7800,16000,11900
2023-08-04,Maharashtra,Sangli,Sangli,TURMERIC,87,8300,20100,14200
2023-08-02,Maharashtra,Sangli,Sangli,TURMERIC,88,8400,20100,14250
2023-07-28,Maharashtra,Sangli,Sangli,TURMERIC,92,8000,16200,12100
2023-07-26,Maharashtra,Sangli,Sangli,TURMERIC,84,8000,19500,13750
2023-07-24,Maharashtra,Sangli,Sangli,TURMERIC,123,8000,18500,13250
2023-07-21,Maharashtra,Sangli,Sangli,TURMERIC,123,8000,17200,12600
2023-07-19,Maharashtra,Sangli,Sangli,TURMERIC,110,6000,17500,11750
2023-07-14,Maharashtra,Sangli,Sangli,TURMERIC,153,6400,15500,10950
2023-07-12,Maharashtra,Sangli,Sangli,TURMERIC,276,6300,14400,10350
2023-07-10,Maharashtra,Sangli,Sangli,TURMERIC,115,6000,15000,10500
2023-07-07,Maharashtra,Sangli,Sangli,TURMERIC,232,5500,12500,9000
2023-07-05,Maharashtra,Sangli,Sangli,TURMERIC,207,5500,11000,8250
2023-06-28,Maharashtra,Sangli,Sangli,TURMERIC,261,6000,9750,7875
2023-06-26,Maharashtra,Sangli,Sangli,TURMERIC,274,6000,10100,8050
2023-06-23,Maharashtra,Sangli,Sangli,TURMERIC,192,6000,11000,8500
2023-06-21,Maharashtra,Sangli,Sangli,TURMERIC,303,6000,12000,9000
2023-06-19,Maharashtra,Sangli,Sangli,TURMERIC,356,6000,12700,9350
2023-06-16,Maharashtra,Sangli,Sangli,TURMERIC,333,6000,9800,7900
2023-06-12,Maharashtra,Sangli,Sangli,TURMERIC,305,6000,10400,8200
2023-06-09,Maharashtra,Sangli,Sangli,TURMERIC,432,6000,9500,7750
2023-06-08,Maharashtra,Sangli,Sangli,TURMERIC,411,6000,8000,7000
2023-06-07,Maharashtra,Sangli,Sangli,TURMERIC,373,6000,10000,8000
2023-06-06,Maharashtra,Sangli,Sangli,TURMERIC,404,6000,11700,8850
2023-06-05,Maharashtra,Sangli,Sangli,TURMERIC,573,6000,10350,8175
2023-06-02,Maharashtra,Sangli,Sangli,TURMERIC,836,6000,8000,7000
2023-06-01,Maharashtra,Sangli,Sangli,TURMERIC,562,6000,10600,8300
2023-05-31,Maharashtra,Sangli,Sangli,TURMERIC,708,6000,8855,7428
2023-05-30,Maharashtra,Sangli,Sangli,TURMERIC,534,6000,10800,8400
2023-05-29,Maharashtra,Sangli,Sangli,TURMERIC,390,6000,12000,9000
2023-05-27,Maharashtra,Sangli,Sangli,TURMERIC,616,6000,10200,8100
2023-05-26,Maharashtra,Sangli,Sangli,TURMERIC,563,6000,11000,8500
2023-05-25,Maharashtra,Sangli,Sangli,TURMERIC,968,6000,10900,8450
2023-05-24,Maharashtra,Sangli,Sangli,TURMERIC,1069,6000,11700,8850
2023-05-23,Maharashtra,Sangli,Sangli,TURMERIC,676,6000,8400,7200
2023-05-22,Maharashtra,Sangli,Sangli,TURMERIC,1316,6000,13600,9800
2023-05-20,Maharashtra,Sangli,Sangli,TURMERIC,844,6000,12000,9000
2023-05-18,Maharashtra,Sangli,Sangli,TURMERIC,724,6000,11800,8900
2023-05-16,Maharashtra,Sangli,Sangli,TURMERIC,2275,6000,13000,9500
2023-05-15,Maharashtra,Sangli,Sangli,TURMERIC,1168,6000,12100,9050
2023-05-13,Maharashtra,Sangli,Sangli,TURMERIC,656,6000,12500,9250
2023-05-12,Maharashtra,Sangli,Sangli,TURMERIC,1823,6000,11100,8550
2023-05-11,Maharashtra,Sangli,Sangli,TURMERIC,1098,6000,14000,10000
2023-05-10,Maharashtra,Sangli,Sangli,TURMERIC,1040,6000,15000,10500
2023-05-09,Maharashtra,Sangli,Sangli,TURMERIC,1189,6000,12500,9250
2023-05-06,Maharashtra,Sangli,Sangli,TURMERIC,1077,6000,13200,9600
2023-05-04,Maharashtra,Sangli,Sangli,TURMERIC,1534,6000,12800,9400
2023-05-03,Maharashtra,Sangli,Sangli,TURMERIC,1806,6000,11600,8800
2023-05-02,Maharashtra,Sangli,Sangli,TURMERIC,857,6000,11500,8750
2023-04-24,Maharashtra,Sangli,Sangli,TURMERIC,1987,6000,11600,8800
2023-04-21,Maharashtra,Sangli,Sangli,TURMERIC,2684,6000,11600,8800
2023-04-19,Maharashtra,Sangli,Sangli,TURMERIC,3795,6000,12000,9000
2023-04-18,Maharashtra,Sangli,Sangli,TURMERIC,2790,6000,11600,8800
2023-04-17,Maharashtra,Sangli,Sangli,TURMERIC,2936,6000,12250,9125
2023-04-15,Maharashtra,Sangli,Sangli,TURMERIC,2857,6000,13200,9600
2023-04-13,Maharashtra,Sangli,Sangli,TURMERIC,2374,6000,12300,9150
2023-04-12,Maharashtra,Sangli,Sangli,TURMERIC,2510,6000,11650,8825
2023-04-11,Maharashtra,Sangli,Sangli,TURMERIC,3011,6000,12600,9300
2023-04-10,Maharashtra,Sangli,Sangli,TURMERIC,2433,6000,13600,9800
2023-04-08,Maharashtra,Sangli,Sangli,TURMERIC,1965,6000,12000,9000
2023-04-06,Maharashtra,Sangli,Sangli,TURMERIC,1696,6000,12200,9100
2023-04-05,Maharashtra,Sangli,Sangli,TURMERIC,2365,6000,12700,9350
2023-04-03,Maharashtra,Sangli,Sangli,TURMERIC,3016,6000,13700,9850
2023-03-27,Maharashtra,Sangli,Sangli,TURMERIC,2667,6000,12600,9300
2023-03-24,Maharashtra,Sangli,Sangli,TURMERIC,3835,6000,16610,11305
2023-03-23,Maharashtra,Sangli,Sangli,TURMERIC,2312,6000,11500,8750
2023-03-20,Maharashtra,Sangli,Sangli,TURMERIC,2283,6000,14500,10250
2023-03-18,Maharashtra,Sangli,Sangli,TURMERIC,2455,6000,18500,12250
2023-03-17,Maharashtra,Sangli,Sangli,TURMERIC,2449,6000,12050,9025
2023-03-15,Maharashtra,Sangli,Sangli,TURMERIC,2312,6000,17100,11550
2023-03-14,Maharashtra,Sangli,Sangli,TURMERIC,2389,6000,14000,10000
2023-03-11,Maharashtra,Sangli,Sangli,TURMERIC,2538,6000,15000,10500
2023-03-10,Maharashtra,Sangli,Sangli,TURMERIC,290,6000,15600,10800
2023-03-06,Maharashtra,Sangli,Sangli,TURMERIC,2272,6000,15400,10700
2023-03-04,Maharashtra,Sangli,Sangli,TURMERIC,1880,6000,14000,10000
2023-03-03,Maharashtra,Sangli,Sangli,TURMERIC,2442,6000,17000,11500
2023-03-02,Maharashtra,Sangli,Sangli,TURMERIC,2424,6000,14500,10250
2023-03-01,Maharashtra,Sangli,Sangli,TURMERIC,2821,6000,13600,9800
2023-02-28,Maharashtra,Sangli,Sangli,TURMERIC,2724,6000,16600,11300
2023-02-25,Maharashtra,Sangli,Sangli,TURMERIC,2018,6000,11500,8750
2023-02-24,Maharashtra,Sangli,Sangli,TURMERIC,2538,6000,18000,12000
2023-02-23,Maharashtra,Sangli,Sangli,TURMERIC,1519,6000,16400,11200
2023-02-22,Maharashtra,Sangli,Sangli,TURMERIC,1536,6000,15000,10500
2023-02-21,Maharashtra,Sangli,Sangli,TURMERIC,1534,6000,15200,10600
2023-02-17,Maharashtra,Sangli,Sangli,TURMERIC,1475,6000,14000,10000
2023-02-16,Maharashtra,Sangli,Sangli,TURMERIC,1423,6000,15000,10500
2023-02-15,Maharashtra,Sangli,Sangli,TURMERIC,1187,6000,13200,9600
2023-02-07,Maharashtra,Sangli,Sangli,TURMERIC,166,5000,11411,8206
2023-01-31,Maharashtra,Sangli,Sangli,TURMERIC,93,5000,10100,7550
2023-01-23,Maharashtra,Sangli,Sangli,TURMERIC,48,5000,8121,6561
2023-01-11,Maharashtra,Sangli,Sangli,TURMERIC,7,5000,9425,7213
2023-01-09,Maharashtra,Sangli,Sangli,TURMERIC,4,5000,9800,7400
2023-01-06,Maharashtra,Sangli,Sangli,TURMERIC,6,5000,7850,6425
2023-01-04,Maharashtra,Sangli,Sangli,TURMERIC,6,5000,8625,6813
2023-01-02,Maharashtra,Sangli,Sangli,TURMERIC,67,5000,10000,7500
2022-12-30,Maharashtra,Sangli,Sangli,TURMERIC,8,5000,11800,8400
2022-12-28,Maharashtra,Sangli,Sangli,TURMERIC,5,5000,10100,7550
2022-12-26,Maharashtra,Sangli,Sangli,TURMERIC,4,5000,10200,7600
2022-12-21,Maharashtra,Sangli,Sangli,TURMERIC,5,5000,9550,7275
2022-12-19,Maharashtra,Sangli,Sangli,TURMERIC,2,5000,7950,6475
2022-12-16,Maharashtra,Sangli,Sangli,TURMERIC,4,5000,8300,6650
2022-12-14,Maharashtra,Sangli,Sangli,TURMERIC,5,5000,8575,6788
2022-12-09,Maharashtra,Sangli,Sangli,TURMERIC,5,5000,8000,6500
2022-12-07,Maharashtra,Sangli,Sangli,TURMERIC,4,5000,8000,6500
2022-12-05,Maharashtra,Sangli,Sangli,TURMERIC,6,5000,8000,6500
2022-12-02,Maharashtra,Sangli,Sangli,TURMERIC,72,5000,10000,7500
2022-11-28,Maharashtra,Sangli,Sangli,TURMERIC,6,5000,11500,8250
2022-11-24,Maharashtra,Sangli,Sangli,TURMERIC,6,5000,9450,7225
2022-11-18,Maharashtra,Sangli,Sangli,TURMERIC,8,5000,10100,7550
2022-11-16,Maharashtra,Sangli,Sangli,TURMERIC,7,5000,9050,7025
2022-11-02,Maharashtra,Sangli,Sangli,TURMERIC,7,5000,8500,6750
2022-10-31,Maharashtra,Sangli,Sangli,TURMERIC,5,5000,8550,6775
2022-10-19,Maharashtra,Sangli,Sangli,TURMERIC,107,5000,7500,6250
2022-09-30,Maharashtra,Sangli,Sangli,TURMERIC,14,5000,6550,5745
2022-09-28,Maharashtra,Sangli,Sangli,TURMERIC,19,5000,6800,5900
2022-09-23,Maharashtra,Sangli,Sangli,TURMERIC,19,5000,8340,6670
2022-09-19,Maharashtra,Sangli,Sangli,TURMERIC,32,5000,7375,6188
2022-09-16,Maharashtra,Sangli,Sangli,TURMERIC,51,5000,7775,6388
2022-09-05,Maharashtra,Sangli,Sangli,TURMERIC,20,5000,7650,6325
2022-08-29,Maharashtra,Sangli,Sangli,TURMERIC,14,5000,9300,7150
2022-08-26,Maharashtra,Sangli,Sangli,TURMERIC,8,5000,8300,6650
2022-08-24,Maharashtra,Sangli,Sangli,TURMERIC,16,5000,8700,6850
2022-08-12,Maharashtra,Sangli,Sangli,TURMERIC,30,6000,7400,6700
2022-08-08,Maharashtra,Sangli,Sangli,TURMERIC,16,6000,7220,6610
2022-08-05,Maharashtra,Sangli,Sangli,TURMERIC,16,6000,7710,6855
2022-08-03,Maharashtra,Sangli,Sangli,TURMERIC,20,6000,7700,6850
2022-08-01,Maharashtra,Sangli,Sangli,TURMERIC,22,6000,10100,8050
2022-07-29,Maharashtra,Sangli,Sangli,TURMERIC,20,6000,7750,6875
2022-07-27,Maharashtra,Sangli,Sangli,TURMERIC,31,6000,10000,8000
2022-07-25,Maharashtra,Sangli,Sangli,TURMERIC,21,6000,9000,7500
2022-07-22,Maharashtra,Sangli,Sangli,TURMERIC,15,6000,9400,7700
2022-07-20,Maharashtra,Sangli,Sangli,TURMERIC,17,6000,10400,8200
2022-07-13,Maharashtra,Sangli,Sangli,TURMERIC,5,6000,10000,8000
2022-07-11,Maharashtra,Sangli,Sangli,TURMERIC,14,6000,9350,7675
2022-07-08,Maharashtra,Sangli,Sangli,TURMERIC,48,6000,8800,7400
2022-07-07,Maharashtra,Sangli,Sangli,TURMERIC,34,6000,9400,7700
2022-07-06,Maharashtra,Sangli,Sangli,TURMERIC,59,6000,9560,7780
2022-07-05,Maharashtra,Sangli,Sangli,TURMERIC,10,6000,10151,8076
2022-07-04,Maharashtra,Sangli,Sangli,TURMERIC,8,6000,10000,8000
2022-06-24,Maharashtra,Sangli,Sangli,TURMERIC,14,6000,10250,8125
2022-06-23,Maharashtra,Sangli,Sangli,TURMERIC,25,6000,9000,7500
2022-06-22,Maharashtra,Sangli,Sangli,TURMERIC,12,6000,8700,7350
2022-06-21,Maharashtra,Sangli,Sangli,TURMERIC,610,6000,8825,7413
2022-06-20,Maharashtra,Sangli,Sangli,TURMERIC,28,6000,11750,8875
2022-06-17,Maharashtra,Sangli,Sangli,TURMERIC,114,6000,9300,7650
2022-06-16,Maharashtra,Sangli,Sangli,TURMERIC,155,6000,10100,8050
2022-06-15,Maharashtra,Sangli,Sangli,TURMERIC,17,6000,10700,8350
2022-06-14,Maharashtra,Sangli,Sangli,TURMERIC,93,6000,9250,7625
2022-06-13,Maharashtra,Sangli,Sangli,TURMERIC,112,6000,11000,8500
2022-06-10,Maharashtra,Sangli,Sangli,TURMERIC,241,6000,10800,8400
2022-06-09,Maharashtra,Sangli,Sangli,TURMERIC,78,6000,9900,7950
2022-06-08,Maharashtra,Sangli,Sangli,TURMERIC,221,6000,11400,8700
2022-06-07,Maharashtra,Sangli,Sangli,TURMERIC,111,6000,11200,8600
2022-06-06,Maharashtra,Sangli,Sangli,TURMERIC,161,6000,10700,8350
2022-06-03,Maharashtra,Sangli,Sangli,TURMERIC,104,6000,10900,8450
2022-06-02,Maharashtra,Sangli,Sangli,TURMERIC,167,6000,10100,8050
2022-06-01,Maharashtra,Sangli,Sangli,TURMERIC,223,6000,9800,7900
2022-05-31,Maharashtra,Sangli,Sangli,TURMERIC,220,6000,10400,8200
2022-05-27,Maharashtra,Sangli,Sangli,TURMERIC,271,6000,11500,8750
2022-05-26,Maharashtra,Sangli,Sangli,TURMERIC,166,6000,9400,7700
2022-05-25,Maharashtra,Sangli,Sangli,TURMERIC,532,6000,10700,8350
2022-05-24,Maharashtra,Sangli,Sangli,TURMERIC,222,6000,10500,8250
2022-05-23,Maharashtra,Sangli,Sangli,TURMERIC,582,6000,10000,8000
2022-05-19,Maharashtra,Sangli,Sangli,TURMERIC,530,6000,10500,8250
2022-05-18,Maharashtra,Sangli,Sangli,TURMERIC,463,6000,11500,8750
2022-05-17,Maharashtra,Sangli,Sangli,TURMERIC,705,6000,9600,7800
2022-05-12,Maharashtra,Sangli,Sangli,TURMERIC,404,6000,11400,8700
2022-05-10,Maharashtra,Sangli,Sangli,TURMERIC,341,6000,10500,8250
2022-05-09,Maharashtra,Sangli,Sangli,TURMERIC,694,6000,10500,8250
2022-05-06,Maharashtra,Sangli,Sangli,TURMERIC,689,6000,9850,7925
2022-05-05,Maharashtra,Sangli,Sangli,TURMERIC,1244,6000,12000,9000
2022-05-04,Maharashtra,Sangli,Sangli,TURMERIC,921,6000,11300,8650
2022-04-29,Maharashtra,Sangli,Sangli,TURMERIC,969,6000,10150,8075
2022-04-25,Maharashtra,Sangli,Sangli,TURMERIC,1392,6000,11500,8750
2022-04-23,Maharashtra,Sangli,Sangli,TURMERIC,2099,6000,12800,9400
2022-04-22,Maharashtra,Sangli,Sangli,TURMERIC,1885,6000,12900,9450
2022-04-21,Maharashtra,Sangli,Sangli,TURMERIC,712,6000,11000,8500
2022-04-20,Maharashtra,Sangli,Sangli,TURMERIC,2365,6000,11000,8500
2022-04-19,Maharashtra,Sangli,Sangli,TURMERIC,3381,7000,11100,9050
2022-04-18,Maharashtra,Sangli,Sangli,TURMERIC,3048,7000,15550,11275
2022-04-16,Maharashtra,Sangli,Sangli,TURMERIC,1325,7000,12300,9650
2022-04-13,Maharashtra,Sangli,Sangli,TURMERIC,2186,7000,12850,9925
2022-04-12,Maharashtra,Sangli,Sangli,TURMERIC,4949,7000,14800,10900
2022-04-11,Maharashtra,Sangli,Sangli,TURMERIC,2808,7000,13800,10400
2022-04-09,Maharashtra,Sangli,Sangli,TURMERIC,5160,7000,13700,10350
2022-04-08,Maharashtra,Sangli,Sangli,TURMERIC,2622,7000,15000,11000
2022-04-07,Maharashtra,Sangli,Sangli,TURMERIC,6757,7000,15000,11000
2022-04-06,Maharashtra,Sangli,Sangli,TURMERIC,2429,7000,15500,11250
2022-04-05,Maharashtra,Sangli,Sangli,TURMERIC,3162,19000,20000,19500
2022-04-04,Maharashtra,Sangli,Sangli,TURMERIC,5359,7000,15400,11200
2022-03-28,Maharashtra,Sangli,Sangli,TURMERIC,3186,7000,20000,13500
2022-03-26,Maharashtra,Sangli,Sangli,TURMERIC,2203,7000,16000,11500
2022-03-25,Maharashtra,Sangli,Sangli,TURMERIC,4481,7000,13500,10250
2022-03-24,Maharashtra,Sangli,Sangli,TURMERIC,3470,7000,18000,12500
2022-03-23,Maharashtra,Sangli,Sangli,TURMERIC,5151,7000,21200,14100
2022-03-21,Maharashtra,Sangli,Sangli,TURMERIC,3041,7000,13200,10100
2022-03-19,Maharashtra,Sangli,Sangli,TURMERIC,2262,7000,13800,10400
2022-03-17,Maharashtra,Sangli,Sangli,TURMERIC,4070,7000,13200,10100
2022-03-16,Maharashtra,Sangli,Sangli,TURMERIC,4120,7000,14100,10550
2022-03-15,Maharashtra,Sangli,Sangli,TURMERIC,4073,7000,15000,11000
2022-03-14,Maharashtra,Sangli,Sangli,TURMERIC,4402,7000,14000,10500
2022-03-12,Maharashtra,Sangli,Sangli,TURMERIC,4722,7000,16710,11855
2022-03-11,Maharashtra,Sangli,Sangli,TURMERIC,3025,7000,18000,12500
2022-03-10,Maharashtra,Sangli,Sangli,TURMERIC,4349,7000,16200,11600
2022-03-09,Maharashtra,Sangli,Sangli,TURMERIC,3570,7000,13900,10450
2022-03-07,Maharashtra,Sangli,Sangli,TURMERIC,4757,7000,15100,11050
2022-03-05,Maharashtra,Sangli,Sangli,TURMERIC,3032,7000,15250,11125
2022-03-04,Maharashtra,Sangli,Sangli,TURMERIC,4346,7000,17800,12400
2022-03-03,Maharashtra,Sangli,Sangli,TURMERIC,7106,7000,20200,13600
2022-02-26,Maharashtra,Sangli,Sangli,TURMERIC,7783,7000,32100,19550
2022-02-25,Maharashtra,Sangli,Sangli,TURMERIC,1375,7000,27000,17000
2022-02-23,Maharashtra,Sangli,Sangli,TURMERIC,2204,7000,18200,12600
2022-02-22,Maharashtra,Sangli,Sangli,TURMERIC,1983,7000,21000,14000
2022-02-21,Maharashtra,Sangli,Sangli,TURMERIC,1719,7000,18750,12875
2022-02-18,Maharashtra,Sangli,Sangli,TURMERIC,1215,7000,16800,11900
2022-02-17,Maharashtra,Sangli,Sangli,TURMERIC,729,7000,16500,11750
2022-02-16,Maharashtra,Sangli,Sangli,TURMERIC,471,7000,20700,13850
2022-02-15,Maharashtra,Sangli,Sangli,TURMERIC,642,7000,14500,10750
2022-02-14,Maharashtra,Sangli,Sangli,TURMERIC,424,7000,15600,11300
2022-02-12,Maharashtra,Sangli,Sangli,TURMERIC,375,7000,14320,10660
2022-02-11,Maharashtra,Sangli,Sangli,TURMERIC,412,7000,16000,11500
2022-02-10,Maharashtra,Sangli,Sangli,TURMERIC,323,7000,17100,12050
2022-02-09,Maharashtra,Sangli,Sangli,TURMERIC,270,7000,16200,11600
2022-02-08,Maharashtra,Sangli,Sangli,TURMERIC,356,7000,15000,11000
2022-02-05,Maharashtra,Sangli,Sangli,TURMERIC,47,7000,22000,14500
2022-02-04,Maharashtra,Sangli,Sangli,TURMERIC,35,6500,10050,8275
2022-02-02,Maharashtra,Sangli,Sangli,TURMERIC,29,6000,11750,8875
2022-01-31,Maharashtra,Sangli,Sangli,TURMERIC,46,6000,12350,9175
2022-01-28,Maharashtra,Sangli,Sangli,TURMERIC,9,6000,9900,7950
2022-01-24,Maharashtra,Sangli,Sangli,TURMERIC,33,6000,11800,8900
2022-01-19,Maharashtra,Sangli,Sangli,TURMERIC,18,6000,14001,10001
2022-01-17,Maharashtra,Sangli,Sangli,TURMERIC,9,6000,13510,9755
2022-01-14,Maharashtra,Sangli,Sangli,TURMERIC,37,6000,11600,8800
2022-01-10,Maharashtra,Sangli,Sangli,TURMERIC,18,6000,13000,9500
2022-01-07,Maharashtra,Sangli,Sangli,TURMERIC,25,6000,14000,10000
2022-01-05,Maharashtra,Sangli,Sangli,TURMERIC,20,6000,18000,12000
2022-01-03,Maharashtra,Sangli,Sangli,TURMERIC,92,5000,11500,8250
2024-12-31,Maharashtra,Hingoli,Hingoli,TURMERIC,197.3,11852.5,15000,13426
2024-12-27,Maharashtra,Hingoli,Hingoli,TURMERIC,150,11200,13500,12350
2024-12-26,Maharashtra,Hingoli,Hingoli,TURMERIC,150,11300,13400,12350
2024-12-25,Maharashtra,Hingoli,Hingoli,TURMERIC,130,11100,13360,12230
2024-12-24,Maharashtra,Hingoli,Hingoli,TURMERIC,221.1,7825,9225,8606.5
2024-12-13,Maharashtra,Hingoli,Hingoli,TURMERIC,261,11500,14452.5,12976
2024-12-12,Maharashtra,Hingoli,Hingoli,TURMERIC,85.3,11800,14005,12902
2024-12-11,Maharashtra,Hingoli,Hingoli,TURMERIC,132.5,11600,13890,12745
2024-12-10,Maharashtra,Hingoli,Hingoli,TURMERIC,98.3,10005,15600,12802
2024-12-09,Maharashtra,Hingoli,Hingoli,TURMERIC,319.9,10502.5,14455,12478.5
2024-12-06,Maharashtra,Hingoli,Hingoli,TURMERIC,130,11990,14100,13045
2024-12-05,Maharashtra,Hingoli,Hingoli,TURMERIC,120,11700,13600,12650
2024-12-04,Maharashtra,Hingoli,Hingoli,TURMERIC,155,11300,13700,12500
2024-12-03,Maharashtra,Hingoli,Hingoli,TURMERIC,203.1,11610,14002.5,12806
2024-12-02,Maharashtra,Hingoli,Hingoli,TURMERIC,145,11500,13500,12500
2024-11-29,Maharashtra,Hingoli,Hingoli,TURMERIC,100.7,11800,15500,13650
2024-11-28,Maharashtra,Hingoli,Hingoli,TURMERIC,136.2,12100,14500,13300
2024-11-27,Maharashtra,Hingoli,Hingoli,TURMERIC,188.1,11500,14300,12900
2024-11-26,Maharashtra,Hingoli,Hingoli,TURMERIC,269.5,10802.5,14000,12401
2024-11-25,Maharashtra,Hingoli,Hingoli,TURMERIC,308.4,10275,13050,11912.5
2024-11-22,Maharashtra,Hingoli,Hingoli,TURMERIC,180,13050,14100,13575
2024-11-21,Maharashtra,Hingoli,Hingoli,TURMERIC,148.9,11550,14932.5,13241
2024-11-13,Maharashtra,Hingoli,Hingoli,TURMERIC,127,11250,13000,12125
2024-11-12,Maharashtra,Hingoli,Hingoli,TURMERIC,95,11450,13700,12575
2024-11-11,Maharashtra,Hingoli,Hingoli,TURMERIC,215.7,11150,14150,12650
2024-11-08,Maharashtra,Hingoli,Hingoli,TURMERIC,170,11675,14102.5,12888.5
2024-11-07,Maharashtra,Hingoli,Hingoli,TURMERIC,50,11300,13500,12400
2024-11-06,Maharashtra,Hingoli,Hingoli,TURMERIC,60,11500,13800,12650
2024-11-05,Maharashtra,Hingoli,Hingoli,TURMERIC,116.9,10850,13645,12247.5
2024-11-04,Maharashtra,Hingoli,Hingoli,TURMERIC,80,11100,13220,12160
2024-10-28,Maharashtra,Hingoli,Hingoli,TURMERIC,2.4,11000,12300,11950
2024-10-25,Maharashtra,Hingoli,Hingoli,TURMERIC,296.9,10900,13283.333333333334,12175
2024-10-24,Maharashtra,Hingoli,Hingoli,TURMERIC,154.5,11100,13200,12150
2024-10-23,Maharashtra,Hingoli,Hingoli,TURMERIC,178.5,10650,13175,11437.5
2024-10-22,Maharashtra,Hingoli,Hingoli,TURMERIC,180.75,11940.5,15100,13807.5
2024-10-21,Maharashtra,Hingoli,Hingoli,TURMERIC,297,11066.666666666666,13973.333333333334,12486.666666666666
2024-10-18,Maharashtra,Hingoli,Hingoli,TURMERIC,195.3,11260.5,13245,12285
2024-10-17,Maharashtra,Hingoli,Hingoli,TURMERIC,135,11500,13500,12500
2024-10-16,Maharashtra,Hingoli,Hingoli,TURMERIC,152.5,11650,13200,12600
2024-10-14,Maharashtra,Hingoli,Hingoli,TURMERIC,115,10650,13400,12200
2024-10-11,Maharashtra,Hingoli,Hingoli,TURMERIC,60,11000,13000,12000
2024-10-10,Maharashtra,Hingoli,Hingoli,TURMERIC,100.5,11000,13155,12077
2024-10-09,Maharashtra,Hingoli,Hingoli,TURMERIC,105.6,11350,13350,12200
2024-10-04,Maharashtra,Hingoli,Hingoli,TURMERIC,104.9,10852.5,14350,12526
2024-10-02,Maharashtra,Hingoli,Hingoli,TURMERIC,7.9,11200,13300,12100
2024-09-30,Maharashtra,Hingoli,Hingoli,TURMERIC,20.4,11750,13652.5,12676
2024-09-28,Maharashtra,Hingoli,Hingoli,TURMERIC,190.5,12500,14200,13350
2024-09-27,Maharashtra,Hingoli,Hingoli,TURMERIC,426.8,11993.333333333334,14293.333333333334,13010
2024-09-26,Maharashtra,Hingoli,Hingoli,TURMERIC,240.1,10900,14452.5,12676
2024-09-25,Maharashtra,Hingoli,Hingoli,TURMERIC,193.1,11775,14025.5,12775
2024-09-24,Maharashtra,Hingoli,Hingoli,TURMERIC,205,12100,14300,13200
2024-09-23,Maharashtra,Hingoli,Hingoli,TURMERIC,207.5,11662.5,13977.5,12945
2024-09-21,Maharashtra,Hingoli,Hingoli,TURMERIC,165.1,12100,14300,13200
2024-09-20,Maharashtra,Hingoli,Hingoli,TURMERIC,244.93,12051.75,14643.75,13474.5
2024-09-19,Maharashtra,Hingoli,Hingoli,TURMERIC,190,12005,14000,13002
2024-09-18,Maharashtra,Hingoli,Hingoli,TURMERIC,188.68,11496.666666666666,13966.666666666666,12898.666666666666
2024-09-16,Maharashtra,Hingoli,Hingoli,TURMERIC,2,11000,13200,12000
2024-09-14,Maharashtra,Hingoli,Hingoli,TURMERIC,9.11,12500,14300,13615
2024-09-13,Maharashtra,Hingoli,Hingoli,TURMERIC,203.2,11700,13962.5,12725
2024-09-12,Maharashtra,Hingoli,Hingoli,TURMERIC,60,11800,13981,12890
2024-09-10,Maharashtra,Hingoli,Hingoli,TURMERIC,159.79999999999998,12200,14222.5,13211
2024-09-09,Maharashtra,Hingoli,Hingoli,TURMERIC,312.20000000000005,12366.666666666666,14746.666666666666,13373.333333333334
2024-09-06,Maharashtra,Hingoli,Hingoli,TURMERIC,208.2,11750,14225.5,13237.5
2024-09-05,Maharashtra,Hingoli,Hingoli,TURMERIC,153.58,12550,14500,13572
2024-09-04,Maharashtra,Hingoli,Hingoli,TURMERIC,192.4,11796.666666666666,14600,13165
2024-08-30,Maharashtra,Hingoli,Hingoli,TURMERIC,207.6,11340,13700,12420
2024-08-29,Maharashtra,Hingoli,Hingoli,TURMERIC,241.2,10750,14000,12375
2024-08-28,Maharashtra,Hingoli,Hingoli,TURMERIC,305.9,10700,13276.25,11963
2024-08-27,Maharashtra,Hingoli,Hingoli,TURMERIC,8.5,12000,13000,12500
2024-08-24,Maharashtra,Hingoli,Hingoli,TURMERIC,4.09,13500,15500,14357
2024-08-23,Maharashtra,Hingoli,Hingoli,TURMERIC,192.8,11025,13075,11900
2024-08-22,Maharashtra,Hingoli,Hingoli,TURMERIC,296.29999999999995,11750,14195,12972.5
2024-08-21,Maharashtra,Hingoli,Hingoli,TURMERIC,251.5,11100,13800,12450
2024-08-20,Maharashtra,Hingoli,Hingoli,TURMERIC,284.01,12312.5,14772.5,13413
2024-08-19,Maharashtra,Hingoli,Hingoli,TURMERIC,0.99,12500,14900,13347
2024-08-16,Maharashtra,Hingoli,Hingoli,TURMERIC,263.39,12241.666666666666,14373.333333333334,13300.333333333334
2024-08-15,Maharashtra,Hingoli,Hingoli,TURMERIC,0.56,13500,15800,14410
2024-08-14,Maharashtra,Hingoli,Hingoli,TURMERIC,293.64,12408.333333333334,14650,13578.666666666666
2024-08-13,Maharashtra,Hingoli,Hingoli,TURMERIC,290,12300,14600,13450
2024-08-09,Maharashtra,Hingoli,Hingoli,TURMERIC,106.2,11900,14450,13425
2024-08-07,Maharashtra,Hingoli,Hingoli,TURMERIC,197.76,12616.666666666666,15008.333333333334,13350
2024-08-06,Maharashtra,Hingoli,Hingoli,TURMERIC,64.33,11250,16200,13475.5
2024-08-05,Maharashtra,Hingoli,Hingoli,TURMERIC,312.8,12537.5,15425,13766.75
2024-07-31,Maharashtra,Hingoli,Hingoli,TURMERIC,,11200,14500,13500
2024-07-30,Maharashtra,Hingoli,Hingoli,TURMERIC,,11950,15900,13925
2024-07-29,Maharashtra,Hingoli,Hingoli,TURMERIC,,12400,15500,14313.5
2024-07-26,Maharashtra,Hingoli,Hingoli,TURMERIC,,13000,15850,14476
2024-07-25,Maharashtra,Hingoli,Hingoli,TURMERIC,,12400,17000,14700
2024-07-24,Maharashtra,Hingoli,Hingoli,TURMERIC,,11850,15100,13550
2024-07-22,Maharashtra,Hingoli,Hingoli,TURMERIC,,12500,15650,14062.75
2024-07-20,Maharashtra,Hingoli,Hingoli,TURMERIC,,13500,16000,14818
2024-07-19,Maharashtra,Hingoli,Hingoli,TURMERIC,,13300,15800,14532.5
2024-07-18,Maharashtra,Hingoli,Hingoli,TURMERIC,,13500,15500,14984
2024-07-17,Maharashtra,Hingoli,Hingoli,TURMERIC,,12500,16000,14837
2024-07-15,Maharashtra,Hingoli,Hingoli,TURMERIC,,11766.666666666666,15500,13633.333333333334
2024-07-13,Maharashtra,Hingoli,Hingoli,TURMERIC,,13600,15600,14600
2024-07-12,Maharashtra,Hingoli,Hingoli,TURMERIC,,12333.333333333334,15566.666666666666,13682.666666666666
2024-07-10,Maharashtra,Hingoli,Hingoli,TURMERIC,,13066.666666666666,15761.666666666666,14468.333333333334
2024-07-09,Maharashtra,Hingoli,Hingoli,TURMERIC,,12250,14750,13962.5
2024-07-08,Maharashtra,Hingoli,Hingoli,TURMERIC,,13145,14862.5,13948
2024-07-05,Maharashtra,Hingoli,Hingoli,TURMERIC,,12250,15900,13859
2024-07-03,Maharashtra,Hingoli,Hingoli,TURMERIC,,12500,15100,13800
2024-07-02,Maharashtra,Hingoli,Hingoli,TURMERIC,,12395,16625,14510
2024-07-01,Maharashtra,Hingoli,Hingoli,TURMERIC,,12766.666666666666,15700,14235.333333333334
2024-06-30,Maharashtra,Hingoli,Hingoli,TURMERIC,,13000,15000,14000
2024-06-29,Maharashtra,Hingoli,Hingoli,TURMERIC,,13500,16705,15873.5
2024-06-28,Maharashtra,Hingoli,Hingoli,TURMERIC,,11000,15700,13660
2024-06-27,Maharashtra,Hingoli,Hingoli,TURMERIC,,12627.5,15950,14334.5
2024-06-26,Maharashtra,Hingoli,Hingoli,TURMERIC,,13750,16150,14481
2024-06-25,Maharashtra,Hingoli,Hingoli,TURMERIC,,12500,14750,13500
2024-06-24,Maharashtra,Hingoli,Hingoli,TURMERIC,,12950,15150,14050
2024-06-21,Maharashtra,Hingoli,Hingoli,TURMERIC,,14090,16250,15070.5
2024-06-19,Maharashtra,Hingoli,Hingoli,TURMERIC,,12791.666666666666,15761.666666666666,14897.333333333334
2024-06-18,Maharashtra,Hingoli,Hingoli,TURMERIC,,14500,16800,15485
2024-06-17,Maharashtra,Hingoli,Hingoli,TURMERIC,,12750,15650,14315.5
2024-06-15,Maharashtra,Hingoli,Hingoli,TURMERIC,,11000,16000,14500
2024-06-14,Maharashtra,Hingoli,Hingoli,TURMERIC,,13766.666666666666,15766.666666666666,14609.666666666666
2024-06-13,Maharashtra,Hingoli,Hingoli,TURMERIC,,14500,16300,15269
2024-06-12,Maharashtra,Hingoli,Hingoli,TURMERIC,,14050,16000,14843
2024-06-11,Maharashtra,Hingoli,Hingoli,TURMERIC,,14800,16070,15425
2024-06-10,Maharashtra,Hingoli,Hingoli,TURMERIC,,12740,15916,14380.4
2024-06-09,Maharashtra,Hingoli,Hingoli,TURMERIC,,13000,15000,14000
2024-06-08,Maharashtra,Hingoli,Hingoli,TURMERIC,,13033.333333333334,15933.333333333334,14610.333333333334
2024-06-07,Maharashtra,Hingoli,Hingoli,TURMERIC,,12825,15912.5,14196.25
2024-06-06,Maharashtra,Hingoli,Hingoli,TURMERIC,,14600,16100,8101.5
2024-06-05,Maharashtra,Hingoli,Hingoli,TURMERIC,,12933.333333333334,16216.666666666666,14581.333333333334
2024-06-04,Maharashtra,Hingoli,Hingoli,TURMERIC,,14650,16700,15666.5
2024-06-03,Maharashtra,Hingoli,Hingoli,TURMERIC,,14650,16150,8361.5
2024-06-02,Maharashtra,Hingoli,Hingoli,TURMERIC,,13000,15000,14000
2024-06-01,Maharashtra,Hingoli,Hingoli,TURMERIC,,14252.5,16075,11544
2024-05-31,Maharashtra,Hingoli,Hingoli,TURMERIC,402.70000000000005,13830,16200,12325.6
2024-05-30,Maharashtra,Hingoli,Hingoli,TURMERIC,132.35,14166.666666666666,15833.333333333334,10239.666666666666
2024-05-29,Maharashtra,Hingoli,Hingoli,TURMERIC,272.36,14525,16950,11851.25
2024-05-28,Maharashtra,Hingoli,Hingoli,TURMERIC,34.04,14800,16300,8227
2024-05-27,Maharashtra,Hingoli,Hingoli,TURMERIC,622.8,14810,16611,12601.8
2024-05-25,Maharashtra,Hingoli,Hingoli,TURMERIC,112.57,14416.666666666666,16066.666666666666,10231
2024-05-24,Maharashtra,Hingoli,Hingoli,TURMERIC,706.0999999999999,14455.833333333334,16377,12863.333333333334
2024-05-23,Maharashtra,Hingoli,Hingoli,TURMERIC,69.84,14700,16350,7687.5
2024-05-22,Maharashtra,Hingoli,Hingoli,TURMERIC,385.00000000000006,13800,16275,10983.25
2024-05-21,Maharashtra,Hingoli,Hingoli,TURMERIC,46.06,14800,16100,15169
2024-05-20,Maharashtra,Hingoli,Hingoli,TURMERIC,340.3,13550,15850,11225.75
2024-05-18,Maharashtra,Hingoli,Hingoli,TURMERIC,66.23,14350,15200,7652
2024-05-17,Maharashtra,Hingoli,Hingoli,TURMERIC,133.87,13566.666666666666,15866.666666666666,9872
2024-05-16,Maharashtra,Hingoli,Hingoli,TURMERIC,73.6,14350,15800,7798
2024-05-15,Maharashtra,Hingoli,Hingoli,TURMERIC,106.48,13466.666666666666,15800,10054.666666666666
2024-05-14,Maharashtra,Hingoli,Hingoli,TURMERIC,203.04,13500,15731.666666666666,10160
2024-05-13,Maharashtra,Hingoli,Hingoli,TURMERIC,290.75,13448.75,16073.75,11216.75
2024-05-11,Maharashtra,Hingoli,Hingoli,TURMERIC,317.09000000000003,14466.666666666666,15913.333333333334,10416.333333333334
2024-05-10,Maharashtra,Hingoli,Hingoli,TURMERIC,221.87,14198.75,16145,11720.75
2024-05-09,Maharashtra,Hingoli,Hingoli,TURMERIC,505.97,14490,16256,12538
2024-05-08,Maharashtra,Hingoli,Hingoli,TURMERIC,76.39,14900,17000,15913
2024-05-07,Maharashtra,Hingoli,Hingoli,TURMERIC,208.26,13700,17000,15463.5
2024-05-06,Maharashtra,Hingoli,Hingoli,TURMERIC,624.23,10913.75,16777.5,15306
2024-05-04,Maharashtra,Hingoli,Hingoli,TURMERIC,395.41,14475,17070,12175.75
2024-05-03,Maharashtra,Hingoli,Hingoli,TURMERIC,665.5799999999999,14320,17081,12656
2024-05-02,Maharashtra,Hingoli,Hingoli,TURMERIC,52.12,14950,16352.5,8048
2024-05-01,Maharashtra,Hingoli,Hingoli,TURMERIC,89.75,14650,16551.25,11633
2024-04-30,Maharashtra,Hingoli,Hingoli,TURMERIC,153.63000000000002,15158.333333333334,16126.666666666666,10475
2024-04-29,Maharashtra,Hingoli,Hingoli,TURMERIC,772.5700000000002,14450,17311,12702.8
2024-04-27,Maharashtra,Hingoli,Hingoli,TURMERIC,87.3,14350,16550,7858
2024-04-25,Maharashtra,Hingoli,Hingoli,TURMERIC,219.78,13200,17035,10531
2024-04-24,Maharashtra,Hingoli,Hingoli,TURMERIC,206.70999999999998,13700,16866.666666666668,10584
2024-04-23,Maharashtra,Hingoli,Hingoli,TURMERIC,97,14400,16150,8025
2024-04-22,Maharashtra,Hingoli,Hingoli,TURMERIC,194.82999999999998,13968.333333333334,16966.666666666668,10512.666666666666
2024-04-20,Maharashtra,Hingoli,Hingoli,TURMERIC,43.56,14200,15950,7572
2024-04-19,Maharashtra,Hingoli,Hingoli,TURMERIC,562.6099999999999,13900,16950,11624.5
2024-04-18,Maharashtra,Hingoli,Hingoli,TURMERIC,126.97,13500,16050,7588.5
2024-04-17,Maharashtra,Hingoli,Hingoli,TURMERIC,73.53,13650,15500,7390
2024-04-16,Maharashtra,Hingoli,Hingoli,TURMERIC,75.64,12600,15550,7140
2024-04-15,Maharashtra,Hingoli,Hingoli,TURMERIC,544.81,11760,15200,10896.2
2024-04-13,Maharashtra,Hingoli,Hingoli,TURMERIC,114.83,12550,14500,7398
2024-04-08,Maharashtra,Hingoli,Hingoli,TURMERIC,64.36,13500,17885,15435
2024-04-06,Maharashtra,Hingoli,Hingoli,TURMERIC,25.99,13500,17885,15342
2024-04-05,Maharashtra,Hingoli,Hingoli,TURMERIC,429.2,14097.5,17038.75,11684.5
2024-04-04,Maharashtra,Hingoli,Hingoli,TURMERIC,57.620000000000005,13702.5,15850,7389.5
2024-04-03,Maharashtra,Hingoli,Hingoli,TURMERIC,,13451.25,15612.5,10666
2024-04-02,Maharashtra,Hingoli,Hingoli,TURMERIC,,13852.5,16000,7375.5
2024-04-01,Maharashtra,Hingoli,Hingoli,TURMERIC,,11000,14000,12000
2024-03-30,Maharashtra,Hingoli,Hingoli,TURMERIC,93.2,13820,17405,15950
2024-03-27,Maharashtra,Hingoli,Hingoli,TURMERIC,45.2,10000,18505,14252
2024-03-26,Maharashtra,Hingoli,Hingoli,TURMERIC,3.2,11500,14500,12500
2024-03-23,Maharashtra,Hingoli,Hingoli,TURMERIC,29.1,13000,19900,15690
2024-03-22,Maharashtra,Hingoli,Hingoli,TURMERIC,98.8,10502.5,16650,13451
2024-03-21,Maharashtra,Hingoli,Hingoli,TURMERIC,10.66,13352.5,14955,7794
2024-03-20,Maharashtra,Hingoli,Hingoli,TURMERIC,190,16000,19000,17500
2024-03-19,Maharashtra,Hingoli,Hingoli,TURMERIC,169.4,8000,17505,12752
2024-03-18,Maharashtra,Hingoli,Hingoli,TURMERIC,394,12500,17602.5,15051
2024-03-16,Maharashtra,Hingoli,Hingoli,TURMERIC,57.9,11445,17245,14745
2024-03-15,Maharashtra,Hingoli,Hingoli,TURMERIC,342.3,13050,18800,15925
2024-03-13,Maharashtra,Hingoli,Hingoli,TURMERIC,250,16500,18100,17300
2024-03-12,Maharashtra,Hingoli,Hingoli,TURMERIC,107.6,12000,21600,16800
2024-03-11,Maharashtra,Hingoli,Hingoli,TURMERIC,130,15100,18350,16725
2024-03-07,Maharashtra,Hingoli,Hingoli,TURMERIC,110.6,12150,15050,13807.5
2024-03-04,Maharashtra,Hingoli,Hingoli,TURMERIC,90.9,11750,14500,13375
2024-03-02,Maharashtra,Hingoli,Hingoli,TURMERIC,3.1,13000,14500,13700
2024-03-01,Maharashtra,Hingoli,Hingoli,TURMERIC,110,13100,15200,14150
2024-02-29,Maharashtra,Hingoli,Hingoli,TURMERIC,100,12900,15000,13950
2024-02-28,Maharashtra,Hingoli,Hingoli,TURMERIC,117.7,7000,15390,11195
2024-02-23,Maharashtra,Hingoli,Hingoli,TURMERIC,208,10650,13800,12225
2024-02-21,Maharashtra,Hingoli,Hingoli,TURMERIC,176,10645,14210,12427.5
2024-02-20,Maharashtra,Hingoli,Hingoli,TURMERIC,113,8505,15000,11752
2024-02-16,Maharashtra,Hingoli,Hingoli,TURMERIC,190,11990,14005,12997
2024-02-14,Maharashtra,Hingoli,Hingoli,TURMERIC,100,11500,13900,12700
2024-02-12,Maharashtra,Hingoli,Hingoli,TURMERIC,287,10175,13975,12075
2024-02-07,Maharashtra,Hingoli,Hingoli,TURMERIC,150,12000,14120,13060
2024-02-05,Maharashtra,Hingoli,Hingoli,TURMERIC,80,12300,14130,13215
2024-02-02,Maharashtra,Hingoli,Hingoli,TURMERIC,200,10500,14412.5,12456
2024-02-01,Maharashtra,Hingoli,Hingoli,TURMERIC,111,9500,16500,13000
2024-01-31,Maharashtra,Hingoli,Hingoli,TURMERIC,100,11500,14100,12800
2024-01-29,Maharashtra,Hingoli,Hingoli,TURMERIC,320,11000,13600,12300
2024-01-24,Maharashtra,Hingoli,Hingoli,TURMERIC,268,10350,14475.5,12412.5
2024-01-23,Maharashtra,Hingoli,Hingoli,TURMERIC,61,8505,15000,11752
2024-01-19,Maharashtra,Hingoli,Hingoli,TURMERIC,220,9880,11680,10780
2024-01-18,Maharashtra,Hingoli,Hingoli,TURMERIC,173,9705,14276,11990
2024-01-17,Maharashtra,Hingoli,Hingoli,TURMERIC,120,9880,11780,10830
2024-01-15,Maharashtra,Hingoli,Hingoli,TURMERIC,94,7005,13700,10352
2024-01-12,Maharashtra,Hingoli,Hingoli,TURMERIC,125,9999,11990,10994
2024-01-10,Maharashtra,Hingoli,Hingoli,TURMERIC,80,10000,11900,10950
2024-01-08,Maharashtra,Hingoli,Hingoli,TURMERIC,60,10100,12300,11200
2024-01-05,Maharashtra,Hingoli,Hingoli,TURMERIC,150,10275,12675,11475
2024-01-04,Maharashtra,Hingoli,Hingoli,TURMERIC,88,8000,16000,12000
2024-01-03,Maharashtra,Hingoli,Hingoli,TURMERIC,120,9890,11555,10722
2024-01-01,Maharashtra,Hingoli,Hingoli,TURMERIC,164,9352.5,13347.5,11349.5
2023-12-29,Maharashtra,Hingoli,Hingoli,TURMERIC,283,9472.5,13610,11541
2023-12-27,Maharashtra,Hingoli,Hingoli,TURMERIC,280,10500,12900,11700
2023-12-26,Maharashtra,Hingoli,Hingoli,TURMERIC,128,7500,15000,11250
2023-12-22,Maharashtra,Hingoli,Hingoli,TURMERIC,250,10500,12700,11600
2023-12-20,Maharashtra,Hingoli,Hingoli,TURMERIC,65,11000,13100,12050
2023-12-18,Maharashtra,Hingoli,Hingoli,TURMERIC,80,11300,13400,12350
2023-12-15,Maharashtra,Hingoli,Hingoli,TURMERIC,85,11100,13000,12050
2023-12-14,Maharashtra,Hingoli,Hingoli,TURMERIC,,9300,14010,11655
2023-12-13,Maharashtra,Hingoli,Hingoli,TURMERIC,,10500,12800,11650
2023-12-11,Maharashtra,Hingoli,Hingoli,TURMERIC,,11100,13300,12200
2023-12-08,Maharashtra,Hingoli,Hingoli,TURMERIC,,9250,12817.5,11033.5
2023-12-06,Maharashtra,Hingoli,Hingoli,TURMERIC,,10600,12300,11450
2023-12-04,Maharashtra,Hingoli,Hingoli,TURMERIC,,9847.5,12750,11298.5
2023-12-01,Maharashtra,Hingoli,Hingoli,TURMERIC,,12000,12400,0
2023-11-29,Maharashtra,Hingoli,Hingoli,TURMERIC,110.12,8400,9790,6095
2023-11-24,Maharashtra,Hingoli,Hingoli,TURMERIC,341,9250,13100,11175
2023-11-22,Maharashtra,Hingoli,Hingoli,TURMERIC,290,11000,13100,12050
2023-11-21,Maharashtra,Hingoli,Hingoli,TURMERIC,51,7900,13570,10735
2023-11-17,Maharashtra,Hingoli,Hingoli,TURMERIC,80,9100,12612.5,10856
2023-11-16,Maharashtra,Hingoli,Hingoli,TURMERIC,100,10300,12500,11400
2023-11-08,Maharashtra,Hingoli,Hingoli,TURMERIC,93,10600,12725,11662
2023-11-06,Maharashtra,Hingoli,Hingoli,TURMERIC,113.11,7341.666666666667,9860,7400.666666666667
2023-11-03,Maharashtra,Hingoli,Hingoli,TURMERIC,107,9295,12800,11047.5
2023-11-01,Maharashtra,Hingoli,Hingoli,TURMERIC,65,10300,12130,11215
2023-10-30,Maharashtra,Hingoli,Hingoli,TURMERIC,45,10500,12000,11250
2023-10-27,Maharashtra,Hingoli,Hingoli,TURMERIC,134,8950,13350,11150
2023-10-25,Maharashtra,Hingoli,Hingoli,TURMERIC,261,9250,14175,11712.5
2023-10-20,Maharashtra,Hingoli,Hingoli,TURMERIC,95,9700,12675,11187.5
2023-10-19,Maharashtra,Hingoli,Hingoli,TURMERIC,55,10600,12650,11625
2023-10-18,Maharashtra,Hingoli,Hingoli,TURMERIC,83.89,9650,10852.5,5501
2023-10-17,Maharashtra,Hingoli,Hingoli,TURMERIC,90,10200,12100,11150
2023-10-16,Maharashtra,Hingoli,Hingoli,TURMERIC,101,9750,11307.5,10528.5
2023-10-14,Maharashtra,Hingoli,Hingoli,TURMERIC,0.16,7800,8200,0
2023-10-13,Maharashtra,Hingoli,Hingoli,TURMERIC,90,11100,13000,12050
2023-10-12,Maharashtra,Hingoli,Hingoli,TURMERIC,133,9050,12352.5,10701.5
2023-10-11,Maharashtra,Hingoli,Hingoli,TURMERIC,69,11000,13050,12025
2023-10-10,Maharashtra,Hingoli,Hingoli,TURMERIC,110,11000,12950,11975
2023-10-09,Maharashtra,Hingoli,Hingoli,TURMERIC,233,9552.5,12250,10901
2023-10-06,Maharashtra,Hingoli,Hingoli,TURMERIC,226,9102.5,13275,11188.5
2023-10-05,Maharashtra,Hingoli,Hingoli,TURMERIC,150,10990,12900,11945
2023-10-04,Maharashtra,Hingoli,Hingoli,TURMERIC,160,10600,13100,11850
2023-10-03,Maharashtra,Hingoli,Hingoli,TURMERIC,180,10800,12850,11825
2023-09-29,Maharashtra,Hingoli,Hingoli,TURMERIC,54.89,8100,15000,14429
2023-09-27,Maharashtra,Hingoli,Hingoli,TURMERIC,112.21000000000001,9550,13275,12733
2023-09-26,Maharashtra,Hingoli,Hingoli,TURMERIC,93.9,9550,13300,12282.5
2023-09-25,Maharashtra,Hingoli,Hingoli,TURMERIC,80,12090,13580,12835
2023-09-23,Maharashtra,Hingoli,Hingoli,TURMERIC,0.02,11000,11000,11000
2023-09-18,Maharashtra,Hingoli,Hingoli,TURMERIC,180,11600,13205,12402
2023-09-16,Maharashtra,Hingoli,Hingoli,TURMERIC,9.44,8100,12000,11004
2023-09-15,Maharashtra,Hingoli,Hingoli,TURMERIC,4.14,8100,12000,11858
2023-09-13,Maharashtra,Hingoli,Hingoli,TURMERIC,107.87,9033.333333333334,11283.333333333334,10466.666666666666
2023-09-12,Maharashtra,Hingoli,Hingoli,TURMERIC,117.57,9558.333333333334,13781.666666666666,11495
2023-09-11,Maharashtra,Hingoli,Hingoli,TURMERIC,310.74,9791.666666666666,13851.666666666666,12042.333333333334
2023-09-09,Maharashtra,Hingoli,Hingoli,TURMERIC,6.98,8875,14000,12756
2023-09-08,Maharashtra,Hingoli,Hingoli,TURMERIC,223,11101.25,14293.75,12697.5
2023-09-06,Maharashtra,Hingoli,Hingoli,TURMERIC,95.39,10458.333333333334,13211.666666666666,11997.666666666666
2023-09-05,Maharashtra,Hingoli,Hingoli,TURMERIC,181,12200,13800,13000
2023-09-01,Maharashtra,Hingoli,Hingoli,TURMERIC,206,11333.333333333334,13883.333333333334,12525
2023-08-31,Maharashtra,Hingoli,Hingoli,TURMERIC,370,10333.333333333334,13265,11965.666666666666
2023-08-30,Maharashtra,Hingoli,Hingoli,TURMERIC,5.4399999999999995,9500,12750,10750
2023-08-29,Maharashtra,Hingoli,Hingoli,TURMERIC,384.04,10866.666666666666,15108.333333333334,13443.333333333334
2023-08-28,Maharashtra,Hingoli,Hingoli,TURMERIC,35.739999999999995,10000,13850,12758.5
2023-08-26,Maharashtra,Hingoli,Hingoli,TURMERIC,60,13900,15000,14450
2023-08-25,Maharashtra,Hingoli,Hingoli,TURMERIC,313.03,10880,14380,10836.4
2023-08-24,Maharashtra,Hingoli,Hingoli,TURMERIC,151.47,11550,15750,12452
2023-08-23,Maharashtra,Hingoli,Hingoli,TURMERIC,9.17,9500,14500,11938.5
2023-08-22,Maharashtra,Hingoli,Hingoli,TURMERIC,1.69,9000,16000,10650
2023-08-21,Maharashtra,Hingoli,Hingoli,TURMERIC,7,9500,13000,11000
2023-08-19,Maharashtra,Hingoli,Hingoli,TURMERIC,154.16,10500,15500,14131
2023-08-18,Maharashtra,Hingoli,Hingoli,TURMERIC,353.61,10100,15051.25,12842.5
2023-08-17,Maharashtra,Hingoli,Hingoli,TURMERIC,243.94,10525,15775,13901
2023-08-14,Maharashtra,Hingoli,Hingoli,TURMERIC,259.61,10868.5,14947.5,13089.333333333334
2023-08-12,Maharashtra,Hingoli,Hingoli,TURMERIC,3.57,10200,24000,14248
2023-08-11,Maharashtra,Hingoli,Hingoli,TURMERIC,356.7,12820,18680,14965.6
2023-08-10,Maharashtra,Hingoli,Hingoli,TURMERIC,255.16,11637.75,17175,10327.25
2023-08-09,Maharashtra,Hingoli,Hingoli,TURMERIC,622.1,11081,19020,12339
2023-08-08,Maharashtra,Hingoli,Hingoli,TURMERIC,527.4100000000001,12450,19200,12722
2023-08-07,Maharashtra,Hingoli,Hingoli,TURMERIC,398.91,10282.8,15020,10223.2
2023-08-05,Maharashtra,Hingoli,Hingoli,TURMERIC,122.55,10763.333333333334,18466.666666666668,9518.333333333334
2023-08-04,Maharashtra,Hingoli,Hingoli,TURMERIC,542.99,12041,19160,11938.8
2023-08-03,Maharashtra,Hingoli,Hingoli,TURMERIC,244.75,11875,16025,13654
2023-08-02,Maharashtra,Hingoli,Hingoli,TURMERIC,255,11000,15125,13066.75
2023-08-01,Maharashtra,Hingoli,Hingoli,TURMERIC,378.19,11083.333333333334,16666.666666666668,13959.333333333334
2023-07-31,Maharashtra,Hingoli,Hingoli,TURMERIC,285.51,11330,14660,10798.2
2023-07-30,Maharashtra,Hingoli,Hingoli,TURMERIC,16,11500,12000,11800
2023-07-29,Maharashtra,Hingoli,Hingoli,TURMERIC,222.85000000000002,9566.666666666666,17508.333333333332,8367.333333333334
2023-07-28,Maharashtra,Hingoli,Hingoli,TURMERIC,662.62,10671.42857142857,15235,10506.142857142857
2023-07-27,Maharashtra,Hingoli,Hingoli,TURMERIC,557.3,10766.666666666666,13500.5,10074.5
2023-07-26,Maharashtra,Hingoli,Hingoli,TURMERIC,758.98,10260,14420,9854.6
2023-07-25,Maharashtra,Hingoli,Hingoli,TURMERIC,65.91,10666.666666666666,12333.333333333334,7605.333333333333
2023-07-24,Maharashtra,Hingoli,Hingoli,TURMERIC,387.93,10150,13275,8785
2023-07-23,Maharashtra,Hingoli,Hingoli,TURMERIC,15,11500,13000,12500
2023-07-22,Maharashtra,Hingoli,Hingoli,TURMERIC,218.48,10698.333333333334,14700,8635.333333333334
2023-07-21,Maharashtra,Hingoli,Hingoli,TURMERIC,337.06,10284.166666666666,13316.666666666666,9564.666666666666
2023-07-20,Maharashtra,Hingoli,Hingoli,TURMERIC,700.01,10385,14533.166666666666,10374.166666666666
2023-07-19,Maharashtra,Hingoli,Hingoli,TURMERIC,619.1600000000001,9420,13141,9070.4
2023-07-18,Maharashtra,Hingoli,Hingoli,TURMERIC,322.8,8875,12150,7758.75
2023-07-17,Maharashtra,Hingoli,Hingoli,TURMERIC,106.52,7900,13433.333333333334,6975.333333333333
2023-07-15,Maharashtra,Hingoli,Hingoli,TURMERIC,257.44,8701.666666666666,12566.666666666666,6614.333333333333
2023-07-14,Maharashtra,Hingoli,Hingoli,TURMERIC,431.51,8717.5,11518.5,8054.833333333333
2023-07-13,Maharashtra,Hingoli,Hingoli,TURMERIC,900.12,7965.8,11480,7379
2023-07-12,Maharashtra,Hingoli,Hingoli,TURMERIC,791.4200000000001,8217.5,10384.166666666666,7592.666666666667
2023-07-11,Maharashtra,Hingoli,Hingoli,TURMERIC,530.91,8601,10043,7572
2023-07-10,Maharashtra,Hingoli,Hingoli,TURMERIC,388.71,7128.75,9277.75,6215.75
2023-07-08,Maharashtra,Hingoli,Hingoli,TURMERIC,502.42,6905,8333.333333333334,6377.5
2023-07-07,Maharashtra,Hingoli,Hingoli,TURMERIC,758,7221,8461,7791
2023-07-06,Maharashtra,Hingoli,Hingoli,TURMERIC,630,6806.666666666667,8870,7838.333333333333
2023-07-05,Maharashtra,Hingoli,Hingoli,TURMERIC,343.07,7197.5,8250,5998.75
2023-07-04,Maharashtra,Hingoli,Hingoli,TURMERIC,484,7466.666666666667,9700,8583.333333333334
2023-07-03,Maharashtra,Hingoli,Hingoli,TURMERIC,676.13,6867.714285714285,7962.428571428572,6329.285714285715
2023-07-02,Maharashtra,Hingoli,Hingoli,TURMERIC,34,6900,7600,7300
2023-07-01,Maharashtra,Hingoli,Hingoli,TURMERIC,160.49,5983.333333333333,7433.333333333333,5745
2023-06-30,Maharashtra,Hingoli,Hingoli,TURMERIC,292,6437.333333333333,7862.333333333333,7174.666666666667
2023-06-28,Maharashtra,Hingoli,Hingoli,TURMERIC,39,6450,7388.5,6900
2023-06-27,Maharashtra,Hingoli,Hingoli,TURMERIC,437,6783.333333333333,7803.333333333333,7276.666666666667
2023-06-26,Maharashtra,Hingoli,Hingoli,TURMERIC,600,6363.75,7750,7144.25
2023-06-24,Maharashtra,Hingoli,Hingoli,TURMERIC,535,6033.333333333333,7800,6842.666666666667
2023-06-23,Maharashtra,Hingoli,Hingoli,TURMERIC,566,6591,7860,7285.4
2023-06-22,Maharashtra,Hingoli,Hingoli,TURMERIC,279,7100,7733.333333333333,7433.333333333333
2023-06-21,Maharashtra,Hingoli,Hingoli,TURMERIC,558,5952.75,7751.25,6802
2023-06-20,Maharashtra,Hingoli,Hingoli,TURMERIC,550,6383.333333333333,7700,7041.666666666667
2023-06-19,Maharashtra,Hingoli,Hingoli,TURMERIC,253,5841.666666666667,7468.333333333333,6355
2023-06-17,Maharashtra,Hingoli,Hingoli,TURMERIC,119,5200,6583.333333333333,6050
2023-06-16,Maharashtra,Hingoli,Hingoli,TURMERIC,820,5584.25,7159.25,6296.75
2023-06-15,Maharashtra,Hingoli,Hingoli,TURMERIC,677,5696,6901.25,6298.5
2023-06-14,Maharashtra,Hingoli,Hingoli,TURMERIC,484,5534.25,6986.25,6213.75
2023-06-13,Maharashtra,Hingoli,Hingoli,TURMERIC,493,5226.25,6334.25,5767.75
2023-06-12,Maharashtra,Hingoli,Hingoli,TURMERIC,684,5375.25,6567.25,5933.75
2023-06-10,Maharashtra,Hingoli,Hingoli,TURMERIC,50,4850,6385,5850
2023-06-09,Maharashtra,Hingoli,Hingoli,TURMERIC,764,5233.333333333333,6545.666666666667,5806
2023-06-08,Maharashtra,Hingoli,Hingoli,TURMERIC,474,5100,6288.5,5694
2023-06-07,Maharashtra,Hingoli,Hingoli,TURMERIC,477,5133.333333333333,6312.333333333333,5689.333333333333
2023-06-06,Maharashtra,Hingoli,Hingoli,TURMERIC,383,5266.666666666667,6259,5746
2023-06-05,Maharashtra,Hingoli,Hingoli,TURMERIC,274,5300,6350,5825
2023-06-03,Maharashtra,Hingoli,Hingoli,TURMERIC,54,4795,6350,5700
2023-06-02,Maharashtra,Hingoli,Hingoli,TURMERIC,380,5896.666666666667,6931.666666666667,6414
2023-06-01,Maharashtra,Hingoli,Hingoli,TURMERIC,190,5780,6650,6215
2023-05-31,Maharashtra,Hingoli,Hingoli,TURMERIC,226,5750,6567.5,6158.5
2023-05-30,Maharashtra,Hingoli,Hingoli,TURMERIC,825,5906.666666666667,6935,6421
2023-05-29,Maharashtra,Hingoli,Hingoli,TURMERIC,60,5300,6400,5725
2023-05-27,Maharashtra,Hingoli,Hingoli,TURMERIC,403,5016.666666666667,6733.333333333333,5943.333333333333
2023-05-26,Maharashtra,Hingoli,Hingoli,TURMERIC,706,5655,6949.75,6214.75
2023-05-25,Maharashtra,Hingoli,Hingoli,TURMERIC,640,4350,6960,6267.5
2023-05-24,Maharashtra,Hingoli,Hingoli,TURMERIC,313,5500,7120,6310
2023-05-23,Maharashtra,Hingoli,Hingoli,TURMERIC,160,5350,6700,6025
2023-05-22,Maharashtra,Hingoli,Hingoli,TURMERIC,385,5712.5,6950,6331
2023-05-20,Maharashtra,Hingoli,Hingoli,TURMERIC,262,5150,6950,6162.5
2023-05-19,Maharashtra,Hingoli,Hingoli,TURMERIC,74,5250,6600,5750
2023-05-18,Maharashtra,Hingoli,Hingoli,TURMERIC,260,6100,6900,6500
2023-05-17,Maharashtra,Hingoli,Hingoli,TURMERIC,1300,5750,7240,6535
2023-05-16,Maharashtra,Hingoli,Hingoli,TURMERIC,804,5613.5,7055.25,6401.25
2023-05-15,Maharashtra,Hingoli,Hingoli,TURMERIC,1391,5972.5,7151.25,6574.25
2023-05-13,Maharashtra,Hingoli,Hingoli,TURMERIC,548,5600,7066.666666666667,6275.666666666667
2023-05-12,Maharashtra,Hingoli,Hingoli,TURMERIC,611,5148,6804.2,5979
2023-05-11,Maharashtra,Hingoli,Hingoli,TURMERIC,540,5302.75,6612.75,6057.75
2023-05-10,Maharashtra,Hingoli,Hingoli,TURMERIC,653,5076.666666666667,6900,6171.666666666667
2023-05-09,Maharashtra,Hingoli,Hingoli,TURMERIC,617,5577.75,6744,6187.5
2023-05-08,Maharashtra,Hingoli,Hingoli,TURMERIC,766,5456.666666666667,6666.666666666667,6079.333333333333
2023-05-06,Maharashtra,Hingoli,Hingoli,TURMERIC,215,4870,6357,5809
2023-05-05,Maharashtra,Hingoli,Hingoli,TURMERIC,11,4900,5800,5300
2023-05-04,Maharashtra,Hingoli,Hingoli,TURMERIC,953,5326.25,6407.75,5892
2023-05-03,Maharashtra,Hingoli,Hingoli,TURMERIC,809,5002.75,6151.25,5577
2023-05-02,Maharashtra,Hingoli,Hingoli,TURMERIC,1205,4951.25,5998.75,5537.5
2023-04-29,Maharashtra,Hingoli,Hingoli,TURMERIC,448,5000,7000,6100
2023-04-28,Maharashtra,Hingoli,Hingoli,TURMERIC,2,4800,5300,5100
2023-04-27,Maharashtra,Hingoli,Hingoli,TURMERIC,534,4733.333333333333,5957,5393.333333333333
2023-04-26,Maharashtra,Hingoli,Hingoli,TURMERIC,359,4833.333333333333,6028.333333333333,5430.666666666667
2023-04-25,Maharashtra,Hingoli,Hingoli,TURMERIC,364,4968.333333333333,6216.666666666667,5592.333333333333
2023-04-24,Maharashtra,Hingoli,Hingoli,TURMERIC,473,4933.333333333333,5650,5308.333333333333
2023-04-22,Maharashtra,Hingoli,Hingoli,TURMERIC,2,5000,5500,5200
2023-04-21,Maharashtra,Hingoli,Hingoli,TURMERIC,614,5087,6126.333333333333,5598.333333333333
2023-04-20,Maharashtra,Hingoli,Hingoli,TURMERIC,506,5203.666666666667,6035.666666666667,5569.666666666667
2023-04-19,Maharashtra,Hingoli,Hingoli,TURMERIC,810,5145.25,6060.25,5590.25
2023-04-18,Maharashtra,Hingoli,Hingoli,TURMERIC,539,5027.5,6400,5688.5
2023-04-17,Maharashtra,Hingoli,Hingoli,TURMERIC,737,5121.666666666667,6350.333333333333,5744
2023-04-15,Maharashtra,Hingoli,Hingoli,TURMERIC,371,5050,5800,5476.5
2023-04-13,Maharashtra,Hingoli,Hingoli,TURMERIC,294,5366.666666666667,6291.666666666667,5862.333333333333
2023-04-12,Maharashtra,Hingoli,Hingoli,TURMERIC,438,5190,6900,6045
2023-04-11,Maharashtra,Hingoli,Hingoli,TURMERIC,218,5241.666666666667,6366.666666666667,5770.666666666667
2023-04-10,Maharashtra,Hingoli,Hingoli,TURMERIC,655,5321.25,6457.5,5876.75
2023-04-06,Maharashtra,Hingoli,Hingoli,TURMERIC,6,5100,6100,5500
2023-04-05,Maharashtra,Hingoli,Hingoli,TURMERIC,253,5500,6500,5925
2023-04-03,Maharashtra,Hingoli,Hingoli,TURMERIC,902,5750,7102.5,6426
2023-03-27,Maharashtra,Hingoli,Hingoli,TURMERIC,282,5600,7205,6402
2023-03-25,Maharashtra,Hingoli,Hingoli,TURMERIC,5,4500,5600,5200
2023-03-24,Maharashtra,Hingoli,Hingoli,TURMERIC,280,5500,6655,6077
2023-03-23,Maharashtra,Hingoli,Hingoli,TURMERIC,192,5600,6900,6250
2023-03-22,Maharashtra,Hingoli,Hingoli,TURMERIC,854,5200,7702.5,6210
2023-03-20,Maharashtra,Hingoli,Hingoli,TURMERIC,345,5652.5,6700.5,6176.5
2023-03-17,Maharashtra,Hingoli,Hingoli,TURMERIC,342,5728.5,7065,6396.5
2023-03-15,Maharashtra,Hingoli,Hingoli,TURMERIC,413,5454.5,6935,6244.5
2023-03-13,Maharashtra,Hingoli,Hingoli,TURMERIC,394,5972.5,7262.5,6617.5
2023-03-11,Maharashtra,Hingoli,Hingoli,TURMERIC,15,5600,6310,5971
2023-03-10,Maharashtra,Hingoli,Hingoli,TURMERIC,485,5856,7087.5,6471.5
2023-03-08,Maharashtra,Hingoli,Hingoli,TURMERIC,260,5721,6737.5,6229
2023-03-04,Maharashtra,Hingoli,Hingoli,TURMERIC,59,5300,6500,5810
2023-03-03,Maharashtra,Hingoli,Hingoli,TURMERIC,472,5975,7008,6491
2023-03-01,Maharashtra,Hingoli,Hingoli,TURMERIC,491,6015,7494,6754.5
2023-02-27,Maharashtra,Hingoli,Hingoli,TURMERIC,397,5900,6934,6417
2023-02-25,Maharashtra,Hingoli,Hingoli,TURMERIC,41,5400,6805,6197
2023-02-24,Maharashtra,Hingoli,Hingoli,TURMERIC,100,5500,6600,6050
2023-02-23,Maharashtra,Hingoli,Hingoli,TURMERIC,197,5667,7125,6396
2023-02-21,Maharashtra,Hingoli,Hingoli,TURMERIC,187,5751,7025,6388
2023-02-17,Maharashtra,Hingoli,Hingoli,TURMERIC,220,5700,7005,6352
2023-02-15,Maharashtra,Hingoli,Hingoli,TURMERIC,214,6250,7025,6637
2023-02-13,Maharashtra,Hingoli,Hingoli,TURMERIC,451,5404.5,6675,6039.5
2023-02-10,Maharashtra,Hingoli,Hingoli,TURMERIC,429,5765,6834.5,6300
2023-02-08,Maharashtra,Hingoli,Hingoli,TURMERIC,507,5806,6975,6390
2023-02-06,Maharashtra,Hingoli,Hingoli,TURMERIC,131,5885,6699,6292
2023-02-04,Maharashtra,Hingoli,Hingoli,TURMERIC,76,5410,7380,6386
2023-02-03,Maharashtra,Hingoli,Hingoli,TURMERIC,428,5954.5,7238.5,6615
2023-02-01,Maharashtra,Hingoli,Hingoli,TURMERIC,410,6132.5,7654,6893
2023-01-30,Maharashtra,Hingoli,Hingoli,TURMERIC,331,5850,7107.5,6478.5
2023-01-28,Maharashtra,Hingoli,Hingoli,TURMERIC,15,5605,6795,6400
2023-01-27,Maharashtra,Hingoli,Hingoli,TURMERIC,344,5850,7007.5,6434
2023-01-25,Maharashtra,Hingoli,Hingoli,TURMERIC,369,6028.5,7057.5,6543
2023-01-24,Maharashtra,Hingoli,Hingoli,TURMERIC,29,5895,7200,6533
2023-01-23,Maharashtra,Hingoli,Hingoli,TURMERIC,459,6028.5,7252.5,6640.5
2023-01-20,Maharashtra,Hingoli,Hingoli,TURMERIC,222,5925,7475,6700
2023-01-18,Maharashtra,Hingoli,Hingoli,TURMERIC,211,6089,7225,6657
2023-01-16,Maharashtra,Hingoli,Hingoli,TURMERIC,259,6039,7525,6782
2023-01-14,Maharashtra,Hingoli,Hingoli,TURMERIC,118,5700,7000,6365
2023-01-12,Maharashtra,Hingoli,Hingoli,TURMERIC,304,6050,7286,6668
2023-01-11,Maharashtra,Hingoli,Hingoli,TURMERIC,180,6005,7300,6652
2023-01-10,Maharashtra,Hingoli,Hingoli,TURMERIC,69,6000,8100,6668
2023-01-04,Maharashtra,Hingoli,Hingoli,TURMERIC,129,5800,6800,6300
2023-01-02,Maharashtra,Hingoli,Hingoli,TURMERIC,160,6145,7330,6737
2022-12-31,Maharashtra,Hingoli,Hingoli,TURMERIC,129,5510,7710,6535
2022-12-30,Maharashtra,Hingoli,Hingoli,TURMERIC,161,6100,7350,6725
2022-12-29,Maharashtra,Hingoli,Hingoli,TURMERIC,308,6226.5,7137.5,6707
2022-12-28,Maharashtra,Hingoli,Hingoli,TURMERIC,175,6358.333333333333,7255,6790
2022-12-27,Maharashtra,Hingoli,Hingoli,TURMERIC,154,6161,7676,6918
2022-12-26,Maharashtra,Hingoli,Hingoli,TURMERIC,214,6033.333333333333,6696.666666666667,6348.333333333333
2022-12-23,Maharashtra,Hingoli,Hingoli,TURMERIC,3,4500,6200,6000
2022-12-22,Maharashtra,Hingoli,Hingoli,TURMERIC,15,6100,6700,6500
2022-12-19,Maharashtra,Hingoli,Hingoli,TURMERIC,353,6139.666666666667,7130,6634.666666666667
2022-12-17,Maharashtra,Hingoli,Hingoli,TURMERIC,51,5905,7525,6775
2022-12-16,Maharashtra,Hingoli,Hingoli,TURMERIC,156,6600,7700,7150
2022-12-15,Maharashtra,Hingoli,Hingoli,TURMERIC,155,6211,7779,6825
2022-12-14,Maharashtra,Hingoli,Hingoli,TURMERIC,143,5800,6955,6377
2022-12-13,Maharashtra,Hingoli,Hingoli,TURMERIC,7,6700,7100,6900
2022-12-12,Maharashtra,Hingoli,Hingoli,TURMERIC,358,5939.666666666667,7093.333333333333,6474.666666666667
2022-12-09,Maharashtra,Hingoli,Hingoli,TURMERIC,69,5150,6650,6175
2022-12-08,Maharashtra,Hingoli,Hingoli,TURMERIC,230,6379.5,7085.5,6707.5
2022-12-05,Maharashtra,Hingoli,Hingoli,TURMERIC,196,6217,8200,7208
2022-12-03,Maharashtra,Hingoli,Hingoli,TURMERIC,3,5000,6200,5500
2022-12-02,Maharashtra,Hingoli,Hingoli,TURMERIC,134,5905,7095,6500
2022-11-30,Maharashtra,Hingoli,Hingoli,TURMERIC,225,5990,7100,6545
2022-11-28,Maharashtra,Hingoli,Hingoli,TURMERIC,286,6175,7575,6875
2022-11-26,Maharashtra,Hingoli,Hingoli,TURMERIC,64,6080,7505,6652
2022-11-24,Maharashtra,Hingoli,Hingoli,TURMERIC,281,6250,7625,6937
2022-11-23,Maharashtra,Hingoli,Hingoli,TURMERIC,293,5500,7490,6674
2022-11-22,Maharashtra,Hingoli,Hingoli,TURMERIC,3,4500,6400,6200
2022-11-21,Maharashtra,Hingoli,Hingoli,TURMERIC,269,6300,7700,7000
2022-11-19,Maharashtra,Hingoli,Hingoli,TURMERIC,118,6070,7710,6728
2022-11-18,Maharashtra,Hingoli,Hingoli,TURMERIC,264,5250,6840,6332.5
2022-11-17,Maharashtra,Hingoli,Hingoli,TURMERIC,276,5375,7112.5,6268.5
2022-11-16,Maharashtra,Hingoli,Hingoli,TURMERIC,166,6185,7800,6992
2022-11-14,Maharashtra,Hingoli,Hingoli,TURMERIC,230,6175,8181,7178
2022-11-12,Maharashtra,Hingoli,Hingoli,TURMERIC,158,5500,7380,6527
2022-11-11,Maharashtra,Hingoli,Hingoli,TURMERIC,376,5737,7143.666666666667,6573.666666666667
2022-11-09,Maharashtra,Hingoli,Hingoli,TURMERIC,314,6005.5,7267.5,6636.5
2022-11-07,Maharashtra,Hingoli,Hingoli,TURMERIC,344,5805.5,7142.5,6474
2022-11-04,Maharashtra,Hingoli,Hingoli,TURMERIC,130,6390,7500,6945
2022-11-03,Maharashtra,Hingoli,Hingoli,TURMERIC,117,5471,6677.5,6124.5
2022-11-02,Maharashtra,Hingoli,Hingoli,TURMERIC,221,5875,6928.5,6401.5
2022-10-31,Maharashtra,Hingoli,Hingoli,TURMERIC,262,5614.333333333333,6859,6286.333333333333
2022-10-29,Maharashtra,Hingoli,Hingoli,TURMERIC,2,4500,6200,5500
2022-10-28,Maharashtra,Hingoli,Hingoli,TURMERIC,196,5519.666666666667,7035.666666666667,6302.666666666667
2022-10-27,Maharashtra,Hingoli,Hingoli,TURMERIC,308,5885,8291,6388
2022-10-26,Maharashtra,Hingoli,Hingoli,TURMERIC,251,5500,7100,6216
2022-10-21,Maharashtra,Hingoli,Hingoli,TURMERIC,124,5878,7337,6606
2022-10-20,Maharashtra,Hingoli,Hingoli,TURMERIC,4,4200,5700,5200
2022-10-19,Maharashtra,Hingoli,Hingoli,TURMERIC,156,5800,6785,6292
2022-10-17,Maharashtra,Hingoli,Hingoli,TURMERIC,329,5525,6863,6191
2022-10-15,Maharashtra,Hingoli,Hingoli,TURMERIC,71,5000,6065,5491.5
2022-10-14,Maharashtra,Hingoli,Hingoli,TURMERIC,297,5778.5,7187.5,6482.5
2022-10-13,Maharashtra,Hingoli,Hingoli,TURMERIC,2,4000,5500,5000
2022-10-12,Maharashtra,Hingoli,Hingoli,TURMERIC,90,5500,6660,5830
2022-10-10,Maharashtra,Hingoli,Hingoli,TURMERIC,309,5705.5,6808,6256.5
2022-10-07,Maharashtra,Hingoli,Hingoli,TURMERIC,312,5419.666666666667,6977.333333333333,6261.666666666667
2022-10-06,Maharashtra,Hingoli,Hingoli,TURMERIC,205,5002.5,7125,6063.5
2022-10-05,Maharashtra,Hingoli,Hingoli,TURMERIC,22,5201,6261,5780
2022-10-04,Maharashtra,Hingoli,Hingoli,TURMERIC,3,5000,5800,5200
2022-10-03,Maharashtra,Hingoli,Hingoli,TURMERIC,365,5626,6766.666666666667,6271.333333333333
2022-10-01,Maharashtra,Hingoli,Hingoli,TURMERIC,118,4905,6170,5719.5
2022-09-30,Maharashtra,Hingoli,Hingoli,TURMERIC,73,5014.5,6938.5,6201.5
2022-09-29,Maharashtra,Hingoli,Hingoli,TURMERIC,222,5337.5,6502.5,6020
2022-09-28,Maharashtra,Hingoli,Hingoli,TURMERIC,224,5000,6300,5775
2022-09-27,Maharashtra,Hingoli,Hingoli,TURMERIC,112,5418.5,6148.5,5843.5
2022-09-26,Maharashtra,Hingoli,Hingoli,TURMERIC,2,4000,5500,5000
2022-09-24,Maharashtra,Hingoli,Hingoli,TURMERIC,4,4500,6000,5500
2022-09-23,Maharashtra,Hingoli,Hingoli,TURMERIC,410,5748.75,6579.5,6120.25
2022-09-22,Maharashtra,Hingoli,Hingoli,TURMERIC,410,5262,6650.333333333333,6022.666666666667
2022-09-21,Maharashtra,Hingoli,Hingoli,TURMERIC,2,4500,6200,6000
2022-09-20,Maharashtra,Hingoli,Hingoli,TURMERIC,310,5581.25,6543.75,6087.5
2022-09-19,Maharashtra,Hingoli,Hingoli,TURMERIC,279,5402.5,6787.5,6070
2022-09-16,Maharashtra,Hingoli,Hingoli,TURMERIC,113,5647.666666666667,6525,6036.333333333333
2022-09-15,Maharashtra,Hingoli,Hingoli,TURMERIC,273,5468.5,6762.5,6065.5
2022-09-14,Maharashtra,Hingoli,Hingoli,TURMERIC,134,5388.5,6568.5,6253.5
2022-09-13,Maharashtra,Hingoli,Hingoli,TURMERIC,324,5843.666666666667,6701.666666666667,6212.666666666667
2022-09-12,Maharashtra,Hingoli,Hingoli,TURMERIC,13,6000,6200,6100
2022-09-07,Maharashtra,Hingoli,Hingoli,TURMERIC,195,5666.666666666667,6533.333333333333,6166.666666666667
2022-09-06,Maharashtra,Hingoli,Hingoli,TURMERIC,2,5000,6100,5500
2022-09-05,Maharashtra,Hingoli,Hingoli,TURMERIC,719,3872.3333333333335,6625,6180
2022-09-04,Maharashtra,Hingoli,Hingoli,TURMERIC,8,6400,6500,6450
2022-09-03,Maharashtra,Hingoli,Hingoli,TURMERIC,2,5000,6300,6000
2022-09-02,Maharashtra,Hingoli,Hingoli,TURMERIC,68,6150,6775,6462.5
2022-08-29,Maharashtra,Hingoli,Hingoli,TURMERIC,3,5000,5905,5500
2022-08-28,Maharashtra,Hingoli,Hingoli,TURMERIC,6,6200,6500,6300
2022-08-25,Maharashtra,Hingoli,Hingoli,TURMERIC,213,5464.5,6578.5,6071.5
2022-08-24,Maharashtra,Hingoli,Hingoli,TURMERIC,10,5600,6200,5900
2022-08-23,Maharashtra,Hingoli,Hingoli,TURMERIC,5,5000,6000,5800
2022-08-22,Maharashtra,Hingoli,Hingoli,TURMERIC,248,5936.333333333333,6586.333333333333,6211.333333333333
2022-08-20,Maharashtra,Hingoli,Hingoli,TURMERIC,4,5500,6200,5800
2022-08-19,Maharashtra,Hingoli,Hingoli,TURMERIC,4,5500,6000,5800
2022-08-18,Maharashtra,Hingoli,Hingoli,TURMERIC,232,5938,7359,6648
2022-08-17,Maharashtra,Hingoli,Hingoli,TURMERIC,3,5000,6250,6000
2022-08-16,Maharashtra,Hingoli,Hingoli,TURMERIC,248,5611,7225,6656
2022-08-13,Maharashtra,Hingoli,Hingoli,TURMERIC,4,5730,6100,5800
2022-08-12,Maharashtra,Hingoli,Hingoli,TURMERIC,1,5000,5500,5250
2022-08-11,Maharashtra,Hingoli,Hingoli,TURMERIC,230,5805.5,6878,6415.5
2022-08-10,Maharashtra,Hingoli,Hingoli,TURMERIC,188,5750,6720,6297.5
2022-08-09,Maharashtra,Hingoli,Hingoli,TURMERIC,3,5500,5900,5800
2022-08-08,Maharashtra,Hingoli,Hingoli,TURMERIC,269,6005.5,6865.5,6435.5
2022-08-06,Maharashtra,Hingoli,Hingoli,TURMERIC,190,6000,6900,6450
2022-08-05,Maharashtra,Hingoli,Hingoli,TURMERIC,173,5783.333333333333,6533.333333333333,6166.666666666667
2022-08-04,Maharashtra,Hingoli,Hingoli,TURMERIC,365,5762,6843.333333333333,6352.333333333333
2022-08-03,Maharashtra,Hingoli,Hingoli,TURMERIC,199,5933.333333333333,6733.333333333333,6400
2022-08-02,Maharashtra,Hingoli,Hingoli,TURMERIC,383,6003.5,6918.5,6486.25
2022-08-01,Maharashtra,Hingoli,Hingoli,TURMERIC,10,6200,6400,6200
2022-07-30,Maharashtra,Hingoli,Hingoli,TURMERIC,4,6000,6500,6250
2022-07-29,Maharashtra,Hingoli,Hingoli,TURMERIC,535,6128,7655.5,6790
2022-07-28,Maharashtra,Hingoli,Hingoli,TURMERIC,1,6000,6500,6250
2022-07-27,Maharashtra,Hingoli,Hingoli,TURMERIC,165,5900,6952.5,6538.5
2022-07-26,Maharashtra,Hingoli,Hingoli,TURMERIC,263,5737,6679.666666666667,6303.666666666667
2022-07-25,Maharashtra,Hingoli,Hingoli,TURMERIC,222,5750,6645,6322.333333333333
2022-07-22,Maharashtra,Hingoli,Hingoli,TURMERIC,500,6090.25,7052.75,6596.5
2022-07-21,Maharashtra,Hingoli,Hingoli,TURMERIC,5,5000,6600,6200
2022-07-20,Maharashtra,Hingoli,Hingoli,TURMERIC,410,6009.5,6858.75,6415.25
2022-07-19,Maharashtra,Hingoli,Hingoli,TURMERIC,17,5600,6575,6275
2022-07-18,Maharashtra,Hingoli,Hingoli,TURMERIC,374,6146.333333333333,7303.666666666667,6725
2022-07-16,Maharashtra,Hingoli,Hingoli,TURMERIC,5,5000,6600,6250
2022-07-15,Maharashtra,Hingoli,Hingoli,TURMERIC,368,5908.75,6911.25,6441.25
2022-07-14,Maharashtra,Hingoli,Hingoli,TURMERIC,3,5500,6600,6200
2022-07-13,Maharashtra,Hingoli,Hingoli,TURMERIC,20,5650,6734.5,6167
2022-07-12,Maharashtra,Hingoli,Hingoli,TURMERIC,3,5600,6600,6200
2022-07-11,Maharashtra,Hingoli,Hingoli,TURMERIC,282,6080.5,7192.5,6636
2022-07-09,Maharashtra,Hingoli,Hingoli,TURMERIC,5,5500,6800,6250
2022-07-08,Maharashtra,Hingoli,Hingoli,TURMERIC,347,5974.333333333333,6914.666666666667,6444.333333333333
2022-07-07,Maharashtra,Hingoli,Hingoli,TURMERIC,13,5750,6450,6150
2022-07-06,Maharashtra,Hingoli,Hingoli,TURMERIC,375,5874.333333333333,7106.666666666667,6573.666666666667
2022-07-05,Maharashtra,Hingoli,Hingoli,TURMERIC,8,6000,6300,6150
2022-07-04,Maharashtra,Hingoli,Hingoli,TURMERIC,467,6154.75,6827.75,6503.75
2022-07-03,Maharashtra,Hingoli,Hingoli,TURMERIC,5,6000,6300,6200
2022-07-02,Maharashtra,Hingoli,Hingoli,TURMERIC,4,5500,7000,6500
2022-07-01,Maharashtra,Hingoli,Hingoli,TURMERIC,298,6002.5,6650,6326
2022-06-30,Maharashtra,Hingoli,Hingoli,TURMERIC,10,5500,6400,6200
2022-06-29,Maharashtra,Hingoli,Hingoli,TURMERIC,202,5903.666666666667,6858.666666666667,6392.333333333333
2022-06-28,Maharashtra,Hingoli,Hingoli,TURMERIC,10,5500,6300,6100
2022-06-27,Maharashtra,Hingoli,Hingoli,TURMERIC,305,5744.25,6877.25,6501.5
2022-06-26,Maharashtra,Hingoli,Hingoli,TURMERIC,8,6000,6400,6200
2022-06-24,Maharashtra,Hingoli,Hingoli,TURMERIC,242,5732.25,6942.75,6500
2022-06-23,Maharashtra,Hingoli,Hingoli,TURMERIC,15,5500,6333.333333333333,5966.666666666667
2022-06-22,Maharashtra,Hingoli,Hingoli,TURMERIC,248,5789.75,6844.25,6417
2022-06-21,Maharashtra,Hingoli,Hingoli,TURMERIC,28,5250,6250,5875
2022-06-20,Maharashtra,Hingoli,Hingoli,TURMERIC,253,5715,6991.5,6515.75
2022-06-17,Maharashtra,Hingoli,Hingoli,TURMERIC,195,6229.5,7277.5,6753.5
2022-06-16,Maharashtra,Hingoli,Hingoli,TURMERIC,1,6000,6500,6250
2022-06-15,Maharashtra,Hingoli,Hingoli,TURMERIC,261,6206.333333333333,7155,6680.666666666667
2022-06-14,Maharashtra,Hingoli,Hingoli,TURMERIC,4,5200,6200,6000
2022-06-13,Maharashtra,Hingoli,Hingoli,TURMERIC,304,5761.6,6654,6332.8
2022-06-11,Maharashtra,Hingoli,Hingoli,TURMERIC,6,6000,6200,6100
2022-06-10,Maharashtra,Hingoli,Hingoli,TURMERIC,402,5641.8,6701,6311.4
2022-06-09,Maharashtra,Hingoli,Hingoli,TURMERIC,19,5000,6400,6100
2022-06-08,Maharashtra,Hingoli,Hingoli,TURMERIC,96,5955,6455,6205
2022-06-07,Maharashtra,Hingoli,Hingoli,TURMERIC,16,5650,6150,5825
2022-06-06,Maharashtra,Hingoli,Hingoli,TURMERIC,110,5635,6468.333333333333,6018.333333333333
2022-06-04,Maharashtra,Hingoli,Hingoli,TURMERIC,9,5800,6100,5950
2022-06-03,Maharashtra,Hingoli,Hingoli,TURMERIC,35,5900,6150,6025
2022-06-02,Maharashtra,Hingoli,Hingoli,TURMERIC,103,5790.5,6662.5,6201.5
2022-06-01,Maharashtra,Hingoli,Hingoli,TURMERIC,212,5625,6050,5837.5
2022-05-31,Maharashtra,Hingoli,Hingoli,TURMERIC,121,5520.333333333333,6422.666666666667,6235
2022-05-30,Maharashtra,Hingoli,Hingoli,TURMERIC,44,5266.666666666667,6233.333333333333,5966.666666666667
2022-05-28,Maharashtra,Hingoli,Hingoli,TURMERIC,27,5500,6300,5850
2022-05-27,Maharashtra,Hingoli,Hingoli,TURMERIC,262,5900,6633.333333333333,6250
2022-05-26,Maharashtra,Hingoli,Hingoli,TURMERIC,34,5600,6300,5925
2022-05-25,Maharashtra,Hingoli,Hingoli,TURMERIC,125,5727.5,6675,6251
2022-05-24,Maharashtra,Hingoli,Hingoli,TURMERIC,238,5910.333333333333,6533.333333333333,6263
2022-05-23,Maharashtra,Hingoli,Hingoli,TURMERIC,541,5687.4,6822.2,6324.8
2022-05-20,Maharashtra,Hingoli,Hingoli,TURMERIC,397,5925,6818.75,6322
2022-05-19,Maharashtra,Hingoli,Hingoli,TURMERIC,174,6230,6972.333333333333,6600
2022-05-18,Maharashtra,Hingoli,Hingoli,TURMERIC,435,5826.666666666667,7159,6488.666666666667
2022-05-17,Maharashtra,Hingoli,Hingoli,TURMERIC,359,6300,6933.5,6614.5
2022-05-16,Maharashtra,Hingoli,Hingoli,TURMERIC,17,5500,6500,6200
2022-05-15,Maharashtra,Hingoli,Hingoli,TURMERIC,14,6200,6600,6400
2022-05-13,Maharashtra,Hingoli,Hingoli,TURMERIC,246,6083.333333333333,6891.666666666667,6554
2022-05-12,Maharashtra,Hingoli,Hingoli,TURMERIC,243,6433,8280,7205
2022-05-11,Maharashtra,Hingoli,Hingoli,TURMERIC,368,6438.5,7327.5,6900
2022-05-10,Maharashtra,Hingoli,Hingoli,TURMERIC,258,6627,7355,7025
2022-05-09,Maharashtra,Hingoli,Hingoli,TURMERIC,581,5917,7060.333333333333,6563.666666666667
2022-05-07,Maharashtra,Hingoli,Hingoli,TURMERIC,51,6305,7495,6672
2022-05-06,Maharashtra,Hingoli,Hingoli,TURMERIC,12,6500,7000,6750
2022-05-05,Maharashtra,Hingoli,Hingoli,TURMERIC,14,6500,7000,6750
2022-05-04,Maharashtra,Hingoli,Hingoli,TURMERIC,628,6501,7803.5,7152
2022-05-03,Maharashtra,Hingoli,Hingoli,TURMERIC,2,6500,7000,6750
2022-05-02,Maharashtra,Hingoli,Hingoli,TURMERIC,345,6475,7352.5,6913.5
2022-04-29,Maharashtra,Hingoli,Hingoli,TURMERIC,453,6645.666666666667,7482.666666666667,7097.666666666667
2022-04-28,Maharashtra,Hingoli,Hingoli,TURMERIC,252,6400,7255.5,6927.5
2022-04-27,Maharashtra,Hingoli,Hingoli,TURMERIC,336,6300,7600,7050
2022-04-26,Maharashtra,Hingoli,Hingoli,TURMERIC,442,6600,7368.5,6968.5
2022-04-25,Maharashtra,Hingoli,Hingoli,TURMERIC,569,6348.333333333333,7692.333333333333,7006.666666666667
2022-04-24,Maharashtra,Hingoli,Hingoli,TURMERIC,22,7000,7400,7250
2022-04-23,Maharashtra,Hingoli,Hingoli,TURMERIC,1,7000,7300,7150
2022-04-22,Maharashtra,Hingoli,Hingoli,TURMERIC,308,6750,7900,7275
2022-04-21,Maharashtra,Hingoli,Hingoli,TURMERIC,288,6811,8411,7650
2022-04-20,Maharashtra,Hingoli,Hingoli,TURMERIC,412,6600,7620.25,7207.75
2022-04-19,Maharashtra,Hingoli,Hingoli,TURMERIC,354,6450,8100,7455
2022-04-18,Maharashtra,Hingoli,Hingoli,TURMERIC,812,6479,7793.666666666667,7262.333333333333
2022-04-16,Maharashtra,Hingoli,Hingoli,TURMERIC,253,6937,8237,7487
2022-04-15,Maharashtra,Hingoli,Hingoli,TURMERIC,20,6000,7660,7000
2022-04-13,Maharashtra,Hingoli,Hingoli,TURMERIC,388,6300,7965.5,7315.5
2022-04-12,Maharashtra,Hingoli,Hingoli,TURMERIC,311,6518.5,8218.5,7365.5
2022-04-11,Maharashtra,Hingoli,Hingoli,TURMERIC,877,6508.666666666667,8010.333333333333,7426
2022-04-08,Maharashtra,Hingoli,Hingoli,TURMERIC,278,6985,8800,8181
2022-04-07,Maharashtra,Hingoli,Hingoli,TURMERIC,98,6710,8004,7600
2022-04-06,Maharashtra,Hingoli,Hingoli,TURMERIC,126,6790,8850,7745
2022-04-04,Maharashtra,Hingoli,Hingoli,TURMERIC,243,6700,8430,7565
2022-04-02,Maharashtra,Hingoli,Hingoli,TURMERIC,172,7200,11111,8655
2022-03-25,Maharashtra,Hingoli,Hingoli,TURMERIC,131,6575,8211,7409
2022-03-24,Maharashtra,Hingoli,Hingoli,TURMERIC,200,6900,7800,7350
2022-03-23,Maharashtra,Hingoli,Hingoli,TURMERIC,136,6400,8191,7120
2022-03-21,Maharashtra,Hingoli,Hingoli,TURMERIC,406,6600.5,8106,7362.5
2022-03-16,Maharashtra,Hingoli,Hingoli,TURMERIC,69,6868,8225,7705
2022-03-14,Maharashtra,Hingoli,Hingoli,TURMERIC,299,6677.5,8115.5,7230
2022-03-12,Maharashtra,Hingoli,Hingoli,TURMERIC,61,6500,8120,7400
2022-03-11,Maharashtra,Hingoli,Hingoli,TURMERIC,154,6657.5,7947.5,7352.5
2022-03-10,Maharashtra,Hingoli,Hingoli,TURMERIC,150,6800,7800,7300
2022-03-09,Maharashtra,Hingoli,Hingoli,TURMERIC,99,6117,8271,7150
2022-03-07,Maharashtra,Hingoli,Hingoli,TURMERIC,281,6653.5,8219.5,7330.5
2022-03-04,Maharashtra,Hingoli,Hingoli,TURMERIC,161,7211,8700,7669
2022-03-03,Maharashtra,Hingoli,Hingoli,TURMERIC,123,7102.5,8853,7875
2022-03-02,Maharashtra,Hingoli,Hingoli,TURMERIC,115,6111,8649,7659
2022-02-28,Maharashtra,Hingoli,Hingoli,TURMERIC,261,7225.5,8846.5,7965.5
2022-02-25,Maharashtra,Hingoli,Hingoli,TURMERIC,105,7421,8788,7495
2022-02-24,Maharashtra,Hingoli,Hingoli,TURMERIC,100,7000,8350,7675
2022-02-23,Maharashtra,Hingoli,Hingoli,TURMERIC,151,6911,9231,7931
2022-02-22,Maharashtra,Hingoli,Hingoli,TURMERIC,148,7405,8890,8098
2022-02-21,Maharashtra,Hingoli,Hingoli,TURMERIC,186,7014.5,8090.5,7691.5
2022-02-18,Maharashtra,Hingoli,Hingoli,TURMERIC,100,7300,8400,7850
2022-02-16,Maharashtra,Hingoli,Hingoli,TURMERIC,231,7315.5,9418,8240
2022-02-14,Maharashtra,Hingoli,Hingoli,TURMERIC,317,7254.5,8816,8126.5
2022-02-11,Maharashtra,Hingoli,Hingoli,TURMERIC,194,7282.5,8595,7953
2022-02-10,Maharashtra,Hingoli,Hingoli,TURMERIC,146,7455,9227,8031
2022-02-09,Maharashtra,Hingoli,Hingoli,TURMERIC,228,7450.5,8736.5,7982
2022-02-08,Maharashtra,Hingoli,Hingoli,TURMERIC,209,7330,10111,8216
2022-02-04,Maharashtra,Hingoli,Hingoli,TURMERIC,253,7045.666666666667,8512.333333333334,7997.333333333333
2022-02-03,Maharashtra,Hingoli,Hingoli,TURMERIC,96,7269,9829,8130
2022-02-02,Maharashtra,Hingoli,Hingoli,TURMERIC,218,7615.5,8665.5,8090.5
2022-01-31,Maharashtra,Hingoli,Hingoli,TURMERIC,4,6500,8000,7500
2022-01-28,Maharashtra,Hingoli,Hingoli,TURMERIC,3,7500,7900,7700
2022-01-27,Maharashtra,Hingoli,Hingoli,TURMERIC,201,7931,9129,8405
2022-01-24,Maharashtra,Hingoli,Hingoli,TURMERIC,364,7724.666666666667,9201.666666666666,8243.333333333334
2022-01-21,Maharashtra,Hingoli,Hingoli,TURMERIC,236,7468.333333333333,9101.666666666666,8435
2022-01-20,Maharashtra,Hingoli,Hingoli,TURMERIC,244,8005,9800,8695
2022-01-19,Maharashtra,Hingoli,Hingoli,TURMERIC,334,8111.333333333333,9262.666666666666,8634
2022-01-18,Maharashtra,Hingoli,Hingoli,TURMERIC,193,7600,9005,8405
2022-01-17,Maharashtra,Hingoli,Hingoli,TURMERIC,94,6750,7700,7275
2022-01-12,Maharashtra,Hingoli,Hingoli,TURMERIC,105,8400,9300,8850
2022-01-11,Maharashtra,Hingoli,Hingoli,TURMERIC,13,8000,8600,8400
2022-01-10,Maharashtra,Hingoli,Hingoli,TURMERIC,338,8025,9755.5,8790.5
2022-01-08,Maharashtra,Hingoli,Hingoli,TURMERIC,143,6500,9400,8150
2022-01-07,Maharashtra,Hingoli,Hingoli,TURMERIC,222,7600,9580,8501
2022-01-06,Maharashtra,Hingoli,Hingoli,TURMERIC,211,7400,9205,8351
2022-01-05,Maharashtra,Hingoli,Hingoli,TURMERIC,80,9000,10000,9500
2022-01-03,Maharashtra,Hingoli,Hingoli,TURMERIC,120,8000,9050,8525
2022-01-01,Maharashtra,Hingoli,Hingoli,TURMERIC,292,7400,8590,7857
2024-12-31,Maharashtra,Nanded,Nanded,TURMERIC,41.4,12095,13800,12500
2024-12-27,Maharashtra,Nanded,Nanded,TURMERIC,36.9,11795,13895,12500
2024-12-26,Maharashtra,Nanded,Nanded,TURMERIC,41.8,11990,14095,12700
2024-12-24,Maharashtra,Nanded,Nanded,TURMERIC,67,12000,13445,12700
2024-12-13,Maharashtra,Nanded,Nanded,TURMERIC,14.3,11895,13500,12695
2024-12-09,Maharashtra,Nanded,Nanded,TURMERIC,74,11570,13570,12095
2024-12-05,Maharashtra,Nanded,Nanded,TURMERIC,15.2,11000,13100,12700
2024-12-04,Maharashtra,Nanded,Nanded,TURMERIC,56.6,12095,13495,12100
2024-12-03,Maharashtra,Nanded,Nanded,TURMERIC,41.5,11900,13395,12695
2024-12-02,Maharashtra,Nanded,Nanded,TURMERIC,60.300000000000004,11250,12700,12095
2024-11-27,Maharashtra,Nanded,Nanded,TURMERIC,28.9,11395,13885,12550
2024-11-25,Maharashtra,Nanded,Nanded,TURMERIC,0.4,9000,11801,11000
2024-11-18,Maharashtra,Nanded,Nanded,TURMERIC,77.5,11000,14000,12800
2024-11-13,Maharashtra,Nanded,Nanded,TURMERIC,11.5,10000,13500,12100
2024-11-12,Maharashtra,Nanded,Nanded,TURMERIC,20.6,10895,13895,12495
2024-11-11,Maharashtra,Nanded,Nanded,TURMERIC,57.9,6000,13800,12595
2024-11-08,Maharashtra,Nanded,Nanded,TURMERIC,49.3,8000,14090,12600
2024-11-07,Maharashtra,Nanded,Nanded,TURMERIC,45.2,8000,13595,12500
2024-11-05,Maharashtra,Nanded,Nanded,TURMERIC,34.7,7000,13495,12460
2024-11-04,Maharashtra,Nanded,Nanded,TURMERIC,0.1,10500,10500,10500
2024-11-02,Maharashtra,Nanded,Nanded,TURMERIC,154.9,10601,13801,12701
2024-10-28,Maharashtra,Nanded,Nanded,TURMERIC,25.4,10800,13185,12300
2024-10-25,Maharashtra,Nanded,Nanded,TURMERIC,31.400000000000002,9850,13530.5,12228
2024-10-24,Maharashtra,Nanded,Nanded,TURMERIC,11.7,8895,13250,12895
2024-10-21,Maharashtra,Nanded,Nanded,TURMERIC,27.3,8000,13400,12500
2024-10-18,Maharashtra,Nanded,Nanded,TURMERIC,9.5,7300,12300,11980
2024-10-17,Maharashtra,Nanded,Nanded,TURMERIC,21,7400,13300,12935
2024-10-16,Maharashtra,Nanded,Nanded,TURMERIC,19,10900,12690,12125
2024-10-15,Maharashtra,Nanded,Nanded,TURMERIC,38.1,10000,13650,12800
2024-10-14,Maharashtra,Nanded,Nanded,TURMERIC,41.699999999999996,8500,12940,10222.5
2024-10-10,Maharashtra,Nanded,Nanded,TURMERIC,9,11000,13300,12500
2024-10-04,Maharashtra,Nanded,Nanded,TURMERIC,1,8901,12980,11700
2024-10-03,Maharashtra,Nanded,Nanded,TURMERIC,0.5,4000,6550,6200
2024-09-30,Maharashtra,Nanded,Nanded,TURMERIC,56.4,9500,13475,12405.5
2024-09-28,Maharashtra,Nanded,Nanded,TURMERIC,0.7,8852.5,12002.5,11302.5
2024-09-27,Maharashtra,Nanded,Nanded,TURMERIC,45.4,8525,14005.5,13050
2024-09-26,Maharashtra,Nanded,Nanded,TURMERIC,49.900000000000006,7500,14050,13300
2024-09-25,Maharashtra,Nanded,Nanded,TURMERIC,44.2,8000,14685,13700
2024-09-24,Maharashtra,Nanded,Nanded,TURMERIC,66.3,12000,14345,13500
2024-09-21,Maharashtra,Nanded,Nanded,TURMERIC,0.3,8901,12600,10000
2024-09-20,Maharashtra,Nanded,Nanded,TURMERIC,68.5,11700,14095,13400
2024-09-19,Maharashtra,Nanded,Nanded,TURMERIC,0.3,7800,12301,9100
2024-09-18,Maharashtra,Nanded,Nanded,TURMERIC,51.9,7800,14030.5,12500
2024-09-14,Maharashtra,Nanded,Nanded,TURMERIC,0.7,8500,12800,11700
2024-09-13,Maharashtra,Nanded,Nanded,TURMERIC,33.8,10700,14550,13500
2024-09-09,Maharashtra,Nanded,Nanded,TURMERIC,42.4,8500,14200,13560
2024-09-06,Maharashtra,Nanded,Nanded,TURMERIC,39.1,11400,14500,13655
2024-09-05,Maharashtra,Nanded,Nanded,TURMERIC,38.3,9000,14200,13300
2024-09-04,Maharashtra,Nanded,Nanded,TURMERIC,7.5,7505,13405,12800
2024-08-30,Maharashtra,Nanded,Nanded,TURMERIC,30.5,9725,12197.5,11785
2024-08-29,Maharashtra,Nanded,Nanded,TURMERIC,33.5,7600,13450,12800
2024-08-28,Maharashtra,Nanded,Nanded,TURMERIC,36.9,6250,12500,11895
2024-08-27,Maharashtra,Nanded,Nanded,TURMERIC,17.6,12500,14055,13220
2024-08-26,Maharashtra,Nanded,Nanded,TURMERIC,15.1,11720,14395,13300
2024-08-24,Maharashtra,Nanded,Nanded,TURMERIC,0.3,9000,12400,10000
2024-08-23,Maharashtra,Nanded,Nanded,TURMERIC,9.799999999999999,9333.333333333334,11400,10433.333333333334
2024-08-10,Maharashtra,Nanded,Nanded,TURMERIC,0.3,6100,12000,10000
2024-08-08,Maharashtra,Nanded,Nanded,TURMERIC,40.6,12745,15500,14580
2024-08-07,Maharashtra,Nanded,Nanded,TURMERIC,73.9,9600,14795,14100
2024-08-06,Maharashtra,Nanded,Nanded,TURMERIC,48,7500,15000,14200
2024-08-05,Maharashtra,Nanded,Nanded,TURMERIC,54,9300,14785,14200
2024-07-31,Maharashtra,Nanded,Nanded,TURMERIC,,10750,14522.5,14050
2024-07-24,Maharashtra,Nanded,Nanded,TURMERIC,,9001,14100,13000
2024-07-22,Maharashtra,Nanded,Nanded,TURMERIC,,10000,14900,12400
2024-07-18,Maharashtra,Nanded,Nanded,TURMERIC,,13500,15695,15000
2024-07-16,Maharashtra,Nanded,Nanded,TURMERIC,,13350,15300,14800
2024-07-15,Maharashtra,Nanded,Nanded,TURMERIC,,13581,14000,13790
2024-07-11,Maharashtra,Nanded,Nanded,TURMERIC,,12200,14500,14085
2024-07-10,Maharashtra,Nanded,Nanded,TURMERIC,,10450,13297.5,12275
2024-07-09,Maharashtra,Nanded,Nanded,TURMERIC,,12000,15185,14295
2024-07-08,Maharashtra,Nanded,Nanded,TURMERIC,,8800,14300,10000
2024-07-06,Maharashtra,Nanded,Nanded,TURMERIC,,8100,15001,14500
2024-07-04,Maharashtra,Nanded,Nanded,TURMERIC,,11650,15275.5,13400
2024-07-03,Maharashtra,Nanded,Nanded,TURMERIC,,11900,15895,14895
2024-07-02,Maharashtra,Nanded,Nanded,TURMERIC,,12000,15795,15095
2024-06-28,Maharashtra,Nanded,Nanded,TURMERIC,,10750,15825.5,14600
2024-06-21,Maharashtra,Nanded,Nanded,TURMERIC,,10100,15400,14500
2024-06-20,Maharashtra,Nanded,Nanded,TURMERIC,,10000,15600,14000
2024-06-12,Maharashtra,Nanded,Nanded,TURMERIC,,11300,13405.5,13125
2024-06-08,Maharashtra,Nanded,Nanded,TURMERIC,,11005,11250,11127
2024-06-07,Maharashtra,Nanded,Nanded,TURMERIC,,11000,15500,14011
2024-06-01,Maharashtra,Nanded,Nanded,TURMERIC,,14435,15002,14718
2024-05-30,Maharashtra,Nanded,Nanded,TURMERIC,3.2,10000,16500,15000
2024-05-29,Maharashtra,Nanded,Nanded,TURMERIC,3,14450,14550,14500
2024-05-27,Maharashtra,Nanded,Nanded,TURMERIC,0.5,15000,17500,16500
2024-05-25,Maharashtra,Nanded,Nanded,TURMERIC,0.6,13901,13901,13901
2024-05-22,Maharashtra,Nanded,Nanded,TURMERIC,3.4000000000000004,12300,16950,15375.5
2024-05-19,Maharashtra,Nanded,Nanded,TURMERIC,2.2,9000,17000,14000
2024-05-18,Maharashtra,Nanded,Nanded,TURMERIC,1.3,12100,14705,14200
2024-05-17,Maharashtra,Nanded,Nanded,TURMERIC,4.6,11890,14580,14196
2024-05-13,Maharashtra,Nanded,Nanded,TURMERIC,0.2,11000,17000,14000
2024-05-12,Maharashtra,Nanded,Nanded,TURMERIC,4,12000,17000,15000
2024-05-11,Maharashtra,Nanded,Nanded,TURMERIC,2.5,12825,15000,13913
2024-05-09,Maharashtra,Nanded,Nanded,TURMERIC,1.5,12200,14900,13600
2024-05-04,Maharashtra,Nanded,Nanded,TURMERIC,4.5,11615,15644,14679.5
2024-05-03,Maharashtra,Nanded,Nanded,TURMERIC,1,10400,16000,15100
2024-04-29,Maharashtra,Nanded,Nanded,TURMERIC,1.3,14151,17000,14600
2024-04-27,Maharashtra,Nanded,Nanded,TURMERIC,1,14920,15711,15305
2024-04-26,Maharashtra,Nanded,Nanded,TURMERIC,2,11000,15700,14800
2024-04-25,Maharashtra,Nanded,Nanded,TURMERIC,0.8,10000,17750,14500
2024-04-24,Maharashtra,Nanded,Nanded,TURMERIC,1,10000,15100,14000
2024-04-06,Maharashtra,Nanded,Nanded,TURMERIC,2.5,11525.5,14150,11813
2024-04-05,Maharashtra,Nanded,Nanded,TURMERIC,199.3,12402.5,15232.5,14512.5
2024-04-04,Maharashtra,Nanded,Nanded,TURMERIC,222.7,10600,17100,15000
2024-04-03,Maharashtra,Nanded,Nanded,TURMERIC,,13400,17445,15000
2024-04-02,Maharashtra,Nanded,Nanded,TURMERIC,,7000,17100,14845
2024-03-30,Maharashtra,Nanded,Nanded,TURMERIC,15.8,4300,4350,4350
2024-03-28,Maharashtra,Nanded,Nanded,TURMERIC,0.6,9001,14900,11900
2024-03-26,Maharashtra,Nanded,Nanded,TURMERIC,132.7,13400,18200,15000
2024-03-22,Maharashtra,Nanded,Nanded,TURMERIC,78.8,11000,18095,16395
2024-03-21,Maharashtra,Nanded,Nanded,TURMERIC,63.7,7000,16885,14500
2024-03-20,Maharashtra,Nanded,Nanded,TURMERIC,56.2,10500,16297.5,14225
2024-03-19,Maharashtra,Nanded,Nanded,TURMERIC,57.2,14000,17300,15690
2024-03-18,Maharashtra,Nanded,Nanded,TURMERIC,64.1,11100,17000,15500
2024-03-15,Maharashtra,Nanded,Nanded,TURMERIC,133.6,12000,16650,14250
2024-03-14,Maharashtra,Nanded,Nanded,TURMERIC,2.1,10100,14500,14100
2024-03-12,Maharashtra,Nanded,Nanded,TURMERIC,64.5,12500,17600,16000
2024-03-11,Maharashtra,Nanded,Nanded,TURMERIC,92,12000,17850,14895
2024-03-05,Maharashtra,Nanded,Nanded,TURMERIC,60.8,9495,15501,13700
2024-03-04,Maharashtra,Nanded,Nanded,TURMERIC,76.7,10500,15825,13700
2024-03-02,Maharashtra,Nanded,Nanded,TURMERIC,1,10000,10000,10000
2024-02-28,Maharashtra,Nanded,Nanded,TURMERIC,59.6,10000,14400,13200
2024-02-27,Maharashtra,Nanded,Nanded,TURMERIC,73,11300,14795,13105
2024-02-22,Maharashtra,Nanded,Nanded,TURMERIC,47,9000,15377,12300
2024-02-21,Maharashtra,Nanded,Nanded,TURMERIC,54,9095,13545,12395
2024-02-16,Maharashtra,Nanded,Nanded,TURMERIC,57,10495,14495,12505
2024-02-15,Maharashtra,Nanded,Nanded,TURMERIC,80,8200,13945,12425
2024-02-13,Maharashtra,Nanded,Nanded,TURMERIC,78,9600,13500,12000
2024-02-12,Maharashtra,Nanded,Nanded,TURMERIC,75,4000,13560,12395
2024-02-07,Maharashtra,Nanded,Nanded,TURMERIC,44,10410,14100,12395
2024-02-02,Maharashtra,Nanded,Nanded,TURMERIC,65,9000,13695,12250
2024-02-01,Maharashtra,Nanded,Nanded,TURMERIC,72,9995,14100,12000
2024-01-15,Maharashtra,Nanded,Nanded,TURMERIC,17,9295,11995,10850
2024-01-12,Maharashtra,Nanded,Nanded,TURMERIC,16,8500,11385,10600
2024-01-04,Maharashtra,Nanded,Nanded,TURMERIC,37,9150,12300,11000
2024-01-02,Maharashtra,Nanded,Nanded,TURMERIC,33,9000,13000,12025
2024-01-01,Maharashtra,Nanded,Nanded,TURMERIC,9,10495,12395,10495
2023-12-30,Maharashtra,Nanded,Nanded,TURMERIC,1,6500,10800,8500
2023-12-28,Maharashtra,Nanded,Nanded,TURMERIC,13,7495,11490,10885
2023-12-27,Maharashtra,Nanded,Nanded,TURMERIC,15,9445,12500,11500
2023-12-22,Maharashtra,Nanded,Nanded,TURMERIC,19,8900,11840,11000
2023-12-21,Maharashtra,Nanded,Nanded,TURMERIC,13,9500,12250,11400
2023-12-20,Maharashtra,Nanded,Nanded,TURMERIC,10,7250,11895,9250
2023-12-19,Maharashtra,Nanded,Nanded,TURMERIC,25,8900,13500,11300
2023-12-18,Maharashtra,Nanded,Nanded,TURMERIC,2,9000,10900,10400
2023-12-15,Maharashtra,Nanded,Nanded,TURMERIC,23,10000,12000,11500
2023-12-07,Maharashtra,Nanded,Nanded,TURMERIC,,8300,13190,11000
2023-11-28,Maharashtra,Nanded,Nanded,TURMERIC,44,7700,12585,12000
2023-11-24,Maharashtra,Nanded,Nanded,TURMERIC,25,9500,12895,11200
2023-11-22,Maharashtra,Nanded,Nanded,TURMERIC,26,8495,12495,11100
2023-11-21,Maharashtra,Nanded,Nanded,TURMERIC,,5401,5401,5401
2023-11-17,Maharashtra,Nanded,Nanded,TURMERIC,19,8300,12805,12215
2023-11-16,Maharashtra,Nanded,Nanded,TURMERIC,19,8000,13700,12100
2023-11-09,Maharashtra,Nanded,Nanded,TURMERIC,4,9000,12050,11000
2023-11-07,Maharashtra,Nanded,Nanded,TURMERIC,7,7000,11600,10500
2023-11-06,Maharashtra,Nanded,Nanded,TURMERIC,12,6700,12185,11000
2023-11-04,Maharashtra,Nanded,Nanded,TURMERIC,,6000,6800,6350
2023-10-26,Maharashtra,Nanded,Nanded,TURMERIC,1,8101,10525,10200
2023-10-25,Maharashtra,Nanded,Nanded,TURMERIC,1,5600,8000,7700
2023-10-18,Maharashtra,Nanded,Nanded,TURMERIC,1,5200,7011,5500
2023-10-16,Maharashtra,Nanded,Nanded,TURMERIC,9,6601,8356,7406
2023-10-13,Maharashtra,Nanded,Nanded,TURMERIC,2,7400,9292.5,8450
2023-10-11,Maharashtra,Nanded,Nanded,TURMERIC,,4000,8100,7000
2023-10-10,Maharashtra,Nanded,Nanded,TURMERIC,11,8100,12095,10700
2023-10-09,Maharashtra,Nanded,Nanded,TURMERIC,16,6500,9653.333333333334,8533.333333333334
2023-10-06,Maharashtra,Nanded,Nanded,TURMERIC,37,10195,12500,11700
2023-10-04,Maharashtra,Nanded,Nanded,TURMERIC,1,5800,11502,6000
2023-10-02,Maharashtra,Nanded,Nanded,TURMERIC,,4500,7000,5750
2023-09-30,Maharashtra,Nanded,Nanded,TURMERIC,,5000,8200,7000
2023-09-29,Maharashtra,Nanded,Nanded,TURMERIC,2,5150,10500,10125
2023-09-27,Maharashtra,Nanded,Nanded,TURMERIC,1,5375,10300,7825
2023-09-16,Maharashtra,Nanded,Nanded,TURMERIC,1,5600,11300,10500
2023-09-15,Maharashtra,Nanded,Nanded,TURMERIC,53,6800,12177.5,11335
2023-09-12,Maharashtra,Nanded,Nanded,TURMERIC,,9100,9100,9100
2023-09-11,Maharashtra,Nanded,Nanded,TURMERIC,1,5000,10200,7001
2023-09-09,Maharashtra,Nanded,Nanded,TURMERIC,,5500,10500,9500
2023-09-08,Maharashtra,Nanded,Nanded,TURMERIC,17,6316.666666666667,10033.333333333334,8365
2023-09-04,Maharashtra,Nanded,Nanded,TURMERIC,1,5600,12000,11700
2023-09-01,Maharashtra,Nanded,Nanded,TURMERIC,63,7200,15500,12195
2023-08-30,Maharashtra,Nanded,Nanded,TURMERIC,,4803,4803,4803
2023-08-28,Maharashtra,Nanded,Nanded,TURMERIC,1,5350,10250,8750
2023-08-26,Maharashtra,Nanded,Nanded,TURMERIC,2,5325.5,7755.5,7430
2023-08-25,Maharashtra,Nanded,Nanded,TURMERIC,2,5600,13000,10250
2023-08-24,Maharashtra,Nanded,Nanded,TURMERIC,112,6995,14800,12500
2023-08-22,Maharashtra,Nanded,Nanded,TURMERIC,,8503,8503,8503
2023-08-18,Maharashtra,Nanded,Nanded,TURMERIC,99,7550,13247.5,10750
2023-08-17,Maharashtra,Nanded,Nanded,TURMERIC,116,8000,16530,14000
2023-08-16,Maharashtra,Nanded,Nanded,TURMERIC,,8500,8500,8500
2023-08-14,Maharashtra,Nanded,Nanded,TURMERIC,,6005,7007,6506
2023-08-12,Maharashtra,Nanded,Nanded,TURMERIC,1,7650,10515.5,10295.5
2023-08-11,Maharashtra,Nanded,Nanded,TURMERIC,147,6750,16000,12797.5
2023-08-10,Maharashtra,Nanded,Nanded,TURMERIC,88,7000,19500.5,13025
2023-08-09,Maharashtra,Nanded,Nanded,TURMERIC,129,7117.666666666667,11301.333333333334,10201
2023-08-08,Maharashtra,Nanded,Nanded,TURMERIC,106,8547.5,13750,11375
2023-08-07,Maharashtra,Nanded,Nanded,TURMERIC,121,6982,13101.666666666666,11166.666666666666
2023-08-05,Maharashtra,Nanded,Nanded,TURMERIC,2,6969,14500,12300
2023-08-04,Maharashtra,Nanded,Nanded,TURMERIC,169,6666.666666666667,13365,11275
2023-08-03,Maharashtra,Nanded,Nanded,TURMERIC,166,6000,17375.5,13250
2023-08-02,Maharashtra,Nanded,Nanded,TURMERIC,190,7833.333333333333,14668.333333333334,11287
2023-08-01,Maharashtra,Nanded,Nanded,TURMERIC,,6006,6006,6006
2023-07-31,Maharashtra,Nanded,Nanded,TURMERIC,3,6000,12900,11000
2023-07-28,Maharashtra,Nanded,Nanded,TURMERIC,2,6000,11712,10000
2023-07-27,Maharashtra,Nanded,Nanded,TURMERIC,182,8200,20500,13000
2023-07-26,Maharashtra,Nanded,Nanded,TURMERIC,178,7000,15000,12900
2023-07-25,Maharashtra,Nanded,Nanded,TURMERIC,197,7901,12501,9501
2023-07-24,Maharashtra,Nanded,Nanded,TURMERIC,229,6333.333333333333,11150,9587
2023-07-22,Maharashtra,Nanded,Nanded,TURMERIC,2,10700,11500,11350
2023-07-21,Maharashtra,Nanded,Nanded,TURMERIC,134,6550,14700,12100
2023-07-20,Maharashtra,Nanded,Nanded,TURMERIC,82,7000,14600,12500
2023-07-19,Maharashtra,Nanded,Nanded,TURMERIC,223,9100,13300,11000
2023-07-18,Maharashtra,Nanded,Nanded,TURMERIC,202,9000,12805,10600
2023-07-17,Maharashtra,Nanded,Nanded,TURMERIC,,6400,6400,6400
2023-07-15,Maharashtra,Nanded,Nanded,TURMERIC,162,5634,9597.333333333334,7934.333333333333
2023-07-14,Maharashtra,Nanded,Nanded,TURMERIC,293,6050,10395,8112.5
2023-07-13,Maharashtra,Nanded,Nanded,TURMERIC,314,6150,10845,8275
2023-07-12,Maharashtra,Nanded,Nanded,TURMERIC,263,5700,7950,7475
2023-07-11,Maharashtra,Nanded,Nanded,TURMERIC,228,5750,10200,7025
2023-07-10,Maharashtra,Nanded,Nanded,TURMERIC,284,5400,8333.666666666666,7250
2023-07-08,Maharashtra,Nanded,Nanded,TURMERIC,146,6600.5,8450,7325.5
2023-07-07,Maharashtra,Nanded,Nanded,TURMERIC,6,5755.5,6546,6206
2023-07-06,Maharashtra,Nanded,Nanded,TURMERIC,260,5100,8025,7200
2023-07-05,Maharashtra,Nanded,Nanded,TURMERIC,3,5875,6762.5,6350.5
2023-07-04,Maharashtra,Nanded,Nanded,TURMERIC,244,5802,7525,6376
2023-07-03,Maharashtra,Nanded,Nanded,TURMERIC,246,5451.333333333333,7526.333333333333,6828.333333333333
2023-07-01,Maharashtra,Nanded,Nanded,TURMERIC,3,5525,6500.5,6012.5
2023-06-30,Maharashtra,Nanded,Nanded,TURMERIC,279,4801.666666666667,7202,6028
2023-06-28,Maharashtra,Nanded,Nanded,TURMERIC,263,4789.666666666667,7454,6156
2023-06-27,Maharashtra,Nanded,Nanded,TURMERIC,317,5977.5,7104.5,6378.5
2023-06-26,Maharashtra,Nanded,Nanded,TURMERIC,244,4731.333333333333,6972.333333333333,6080
2023-06-24,Maharashtra,Nanded,Nanded,TURMERIC,6,5077.5,6410,5441.5
2023-06-23,Maharashtra,Nanded,Nanded,TURMERIC,214,5150.333333333333,7085.333333333333,6227.333333333333
2023-06-22,Maharashtra,Nanded,Nanded,TURMERIC,337,5388,7538.333333333333,6399
2023-06-21,Maharashtra,Nanded,Nanded,TURMERIC,395,4675,6920,5893.333333333333
2023-06-20,Maharashtra,Nanded,Nanded,TURMERIC,306,4904.5,7509.5,6257
2023-06-19,Maharashtra,Nanded,Nanded,TURMERIC,304,4634.5,7610,6272
2023-06-17,Maharashtra,Nanded,Nanded,TURMERIC,7,3669,6305,4987
2023-06-16,Maharashtra,Nanded,Nanded,TURMERIC,303,4568,6320,5451
2023-06-15,Maharashtra,Nanded,Nanded,TURMERIC,245,4649.666666666667,6466.666666666667,5400
2023-06-14,Maharashtra,Nanded,Nanded,TURMERIC,214,4505,6151,5420.333333333333
2023-06-13,Maharashtra,Nanded,Nanded,TURMERIC,203,4301,6047.5,5325.5
2023-06-12,Maharashtra,Nanded,Nanded,TURMERIC,198,4462.25,6177.75,5233
2023-06-10,Maharashtra,Nanded,Nanded,TURMERIC,13,4709.5,5480,5145
2023-06-09,Maharashtra,Nanded,Nanded,TURMERIC,203,4000,6320.666666666667,5145.333333333333
2023-06-08,Maharashtra,Nanded,Nanded,TURMERIC,187,4733.333333333333,6135,5235.666666666667
2023-06-07,Maharashtra,Nanded,Nanded,TURMERIC,25,4359.5,5735,4997
2023-06-06,Maharashtra,Nanded,Nanded,TURMERIC,167,4350,6300,5375
2023-06-05,Maharashtra,Nanded,Nanded,TURMERIC,224,4545.666666666667,5885,5315.333333333333
2023-06-03,Maharashtra,Nanded,Nanded,TURMERIC,23,4073,5528.5,4884
2023-06-02,Maharashtra,Nanded,Nanded,TURMERIC,233,5004.333333333333,6161.666666666667,5678.333333333333
2023-06-01,Maharashtra,Nanded,Nanded,TURMERIC,228,4773.666666666667,6788.666666666667,6023
2023-05-31,Maharashtra,Nanded,Nanded,TURMERIC,222,4700,6186.666666666667,5658.333333333333
2023-05-30,Maharashtra,Nanded,Nanded,TURMERIC,220,3805.5,6752.5,5154
2023-05-29,Maharashtra,Nanded,Nanded,TURMERIC,156,4090.6666666666665,6388.333333333333,5318
2023-05-27,Maharashtra,Nanded,Nanded,TURMERIC,141,4675,6362.5,5600
2023-05-26,Maharashtra,Nanded,Nanded,TURMERIC,225,4583.333333333333,6289.333333333333,5615.333333333333
2023-05-25,Maharashtra,Nanded,Nanded,TURMERIC,239,4317,6244.666666666667,5618.333333333333
2023-05-24,Maharashtra,Nanded,Nanded,TURMERIC,237,4742.5,6262,5605
2023-05-23,Maharashtra,Nanded,Nanded,TURMERIC,194,4700,6330,5525
2023-05-22,Maharashtra,Nanded,Nanded,TURMERIC,249,4550,6272.5,5525
2023-05-20,Maharashtra,Nanded,Nanded,TURMERIC,46,5176,6200,5788
2023-05-19,Maharashtra,Nanded,Nanded,TURMERIC,15,4848,6111,5480
2023-05-18,Maharashtra,Nanded,Nanded,TURMERIC,241,5122.5,6765,6051
2023-05-17,Maharashtra,Nanded,Nanded,TURMERIC,281,4899.5,7268,6225
2023-05-16,Maharashtra,Nanded,Nanded,TURMERIC,359,5375,6900,6080
2023-05-15,Maharashtra,Nanded,Nanded,TURMERIC,17,3500,6163,4831
2023-05-13,Maharashtra,Nanded,Nanded,TURMERIC,84,5300,6254.5,5952.5
2023-05-12,Maharashtra,Nanded,Nanded,TURMERIC,49,4650,6770.5,5925
2023-05-11,Maharashtra,Nanded,Nanded,TURMERIC,390,5050,6379.5,5740
2023-05-10,Maharashtra,Nanded,Nanded,TURMERIC,455,4975,7214,6054.5
2023-05-09,Maharashtra,Nanded,Nanded,TURMERIC,440,4617.5,7362.5,5707.5
2023-05-08,Maharashtra,Nanded,Nanded,TURMERIC,469,4870.5,6857.5,5889
2023-05-06,Maharashtra,Nanded,Nanded,TURMERIC,15,4000,5812,4906
2023-05-05,Maharashtra,Nanded,Nanded,TURMERIC,284,5050,6264,5508
2023-05-04,Maharashtra,Nanded,Nanded,TURMERIC,260,5275,6186.5,5639
2023-05-03,Maharashtra,Nanded,Nanded,TURMERIC,202,5075.5,6357,5670
2023-05-02,Maharashtra,Nanded,Nanded,TURMERIC,217,4207.5,6177,5416
2023-04-29,Maharashtra,Nanded,Nanded,TURMERIC,3,4400,5315,4857
2023-04-27,Maharashtra,Nanded,Nanded,TURMERIC,202,4800,6450,5900
2023-04-26,Maharashtra,Nanded,Nanded,TURMERIC,210,4492.5,5799.5,5198.5
2023-04-25,Maharashtra,Nanded,Nanded,TURMERIC,303,4942.5,6130,5462.5
2023-04-24,Maharashtra,Nanded,Nanded,TURMERIC,366,4750,5914.5,5302.5
2023-04-21,Maharashtra,Nanded,Nanded,TURMERIC,345,4500,6175,5437.5
2023-04-20,Maharashtra,Nanded,Nanded,TURMERIC,14,5002,5406,5204
2023-04-19,Maharashtra,Nanded,Nanded,TURMERIC,383,5325,6272.5,5650
2023-04-18,Maharashtra,Nanded,Nanded,TURMERIC,325,4917.5,6127.5,5476.5
2023-04-17,Maharashtra,Nanded,Nanded,TURMERIC,375,5200,6119.5,5617
2023-04-15,Maharashtra,Nanded,Nanded,TURMERIC,70,4600,5975,5437.5
2023-04-14,Maharashtra,Nanded,Nanded,TURMERIC,11,5000,5711,5355
2023-04-13,Maharashtra,Nanded,Nanded,TURMERIC,365,5077.5,6278.5,5753
2023-04-12,Maharashtra,Nanded,Nanded,TURMERIC,279,4622,6212,5593
2023-04-11,Maharashtra,Nanded,Nanded,TURMERIC,341,5216.5,6256,5822.5
2023-04-10,Maharashtra,Nanded,Nanded,TURMERIC,337,4983.333333333333,6204,5818.666666666667
2023-04-08,Maharashtra,Nanded,Nanded,TURMERIC,26,5094.5,6180,5562
2023-04-07,Maharashtra,Nanded,Nanded,TURMERIC,212,4970.333333333333,6066.666666666667,5642
2023-04-05,Maharashtra,Nanded,Nanded,TURMERIC,231,4480.333333333333,6506.666666666667,5754
2023-04-04,Maharashtra,Nanded,Nanded,TURMERIC,10,4822,5850,5336
2023-04-03,Maharashtra,Nanded,Nanded,TURMERIC,320,5133.333333333333,6300.666666666667,5725.333333333333
2023-04-01,Maharashtra,Nanded,Nanded,TURMERIC,6,5327,5841,5584
2023-03-31,Maharashtra,Nanded,Nanded,TURMERIC,8,5000,5830,5415
2023-03-30,Maharashtra,Nanded,Nanded,TURMERIC,3,5360,5930,5645
2023-03-29,Maharashtra,Nanded,Nanded,TURMERIC,3,5400,5810,5605
2023-03-28,Maharashtra,Nanded,Nanded,TURMERIC,9,4444,5764,5104
2023-03-27,Maharashtra,Nanded,Nanded,TURMERIC,192,4600.333333333333,6295.666666666667,5455
2023-03-25,Maharashtra,Nanded,Nanded,TURMERIC,30,5112.5,6031,5736
2023-03-24,Maharashtra,Nanded,Nanded,TURMERIC,158,5400,6258.5,5718
2023-03-23,Maharashtra,Nanded,Nanded,TURMERIC,194,3873.6666666666665,5505.333333333333,4498
2023-03-22,Maharashtra,Nanded,Nanded,TURMERIC,260,3600,7401,6200
2023-03-21,Maharashtra,Nanded,Nanded,TURMERIC,2,5012,5650,5330
2023-03-20,Maharashtra,Nanded,Nanded,TURMERIC,76,4002,6198.5,5501.5
2023-03-18,Maharashtra,Nanded,Nanded,TURMERIC,3,4384,5354,4869
2023-03-17,Maharashtra,Nanded,Nanded,TURMERIC,21,4905.5,5867.5,5334
2023-03-16,Maharashtra,Nanded,Nanded,TURMERIC,75,4632,6127,5520
2023-03-15,Maharashtra,Nanded,Nanded,TURMERIC,4,4700,5611,5155
2023-03-14,Maharashtra,Nanded,Nanded,TURMERIC,71,4150,6173,5518
2023-03-13,Maharashtra,Nanded,Nanded,TURMERIC,72,4820,6024.5,5563.5
2023-03-11,Maharashtra,Nanded,Nanded,TURMERIC,7,4917,5683,5300
2023-03-10,Maharashtra,Nanded,Nanded,TURMERIC,87,3985,4906.666666666667,4548.333333333333
2023-03-09,Maharashtra,Nanded,Nanded,TURMERIC,12,4425,5688,5057
2023-03-08,Maharashtra,Nanded,Nanded,TURMERIC,47,5185.333333333333,5880,5510.333333333333
2023-03-06,Maharashtra,Nanded,Nanded,TURMERIC,35,5412.5,6352,5901
2023-03-04,Maharashtra,Nanded,Nanded,TURMERIC,9,4251,6009,5130
2023-03-03,Maharashtra,Nanded,Nanded,TURMERIC,144,4103.333333333333,4896.666666666667,4506
2023-03-02,Maharashtra,Nanded,Nanded,TURMERIC,90,5349.5,7015,6033
2023-03-01,Maharashtra,Nanded,Nanded,TURMERIC,78,5427.5,6504.5,5891
2023-02-28,Maharashtra,Nanded,Nanded,TURMERIC,62,5400,6640,6020
2023-02-27,Maharashtra,Nanded,Nanded,TURMERIC,196,4000,6685,6050
2023-02-24,Maharashtra,Nanded,Nanded,TURMERIC,146,5262.5,7055,5825
2023-02-23,Maharashtra,Nanded,Nanded,TURMERIC,74,4800,7295,6095
2023-02-22,Maharashtra,Nanded,Nanded,TURMERIC,28,4751,5605,5201
2023-02-21,Maharashtra,Nanded,Nanded,TURMERIC,70,3650,6790,6000
2023-02-17,Maharashtra,Nanded,Nanded,TURMERIC,78,4100,7400,6080
2023-02-16,Maharashtra,Nanded,Nanded,TURMERIC,52,5445,6745,5900
2023-02-15,Maharashtra,Nanded,Nanded,TURMERIC,2,3251,4703,4151
2023-02-14,Maharashtra,Nanded,Nanded,TURMERIC,48,4727.5,6025,5777.5
2023-02-13,Maharashtra,Nanded,Nanded,TURMERIC,94,5405,7100,6100
2023-02-10,Maharashtra,Nanded,Nanded,TURMERIC,86,5261,6227.5,5580.5
2023-02-09,Maharashtra,Nanded,Nanded,TURMERIC,58,4250,6242.5,4759.5
2023-02-08,Maharashtra,Nanded,Nanded,TURMERIC,150,3822.5,6225.5,4300
2023-02-07,Maharashtra,Nanded,Nanded,TURMERIC,55,5500,6900,6000
2023-02-06,Maharashtra,Nanded,Nanded,TURMERIC,88,4500,6785,6000
2023-02-03,Maharashtra,Nanded,Nanded,TURMERIC,57,4500,6337.5,5476
2023-02-02,Maharashtra,Nanded,Nanded,TURMERIC,43,4350,5925,5400
2023-02-01,Maharashtra,Nanded,Nanded,TURMERIC,92,5190.666666666667,6020.666666666667,5487.333333333333
2023-01-31,Maharashtra,Nanded,Nanded,TURMERIC,21,5600,7000,6325
2023-01-30,Maharashtra,Nanded,Nanded,TURMERIC,89,4500,6255.5,5500.5
2023-01-28,Maharashtra,Nanded,Nanded,TURMERIC,8,5061,6825,6000
2023-01-27,Maharashtra,Nanded,Nanded,TURMERIC,66,4416.666666666667,5142.333333333333,4892
2023-01-25,Maharashtra,Nanded,Nanded,TURMERIC,84,3933.6666666666665,5283.333333333333,4966.666666666667
2023-01-23,Maharashtra,Nanded,Nanded,TURMERIC,48,6000,7600,6500
2023-01-20,Maharashtra,Nanded,Nanded,TURMERIC,88,5450,6828,6000
2023-01-19,Maharashtra,Nanded,Nanded,TURMERIC,82,5000,7400,6400
2023-01-18,Maharashtra,Nanded,Nanded,TURMERIC,1,4600,5800,5500
2023-01-14,Maharashtra,Nanded,Nanded,TURMERIC,4,5300,6311,5501
2023-01-13,Maharashtra,Nanded,Nanded,TURMERIC,3,3450,4902.5,4127.5
2023-01-12,Maharashtra,Nanded,Nanded,TURMERIC,3,4451,6111,5901
2023-01-10,Maharashtra,Nanded,Nanded,TURMERIC,1,4250,4450,4350
2023-01-09,Maharashtra,Nanded,Nanded,TURMERIC,1,4900,5300,5200
2023-01-05,Maharashtra,Nanded,Nanded,TURMERIC,,5900,5900,5900
2022-12-31,Maharashtra,Nanded,Nanded,TURMERIC,7,4800,6900,5700
2022-12-30,Maharashtra,Nanded,Nanded,TURMERIC,3,4000,6351,5600
2022-12-28,Maharashtra,Nanded,Nanded,TURMERIC,10,3800,6751,5975
2022-12-22,Maharashtra,Nanded,Nanded,TURMERIC,3,4200,6051,4200
2022-12-21,Maharashtra,Nanded,Nanded,TURMERIC,1,5038.5,5953,5291
2022-12-19,Maharashtra,Nanded,Nanded,TURMERIC,,5501,6000,5501
2022-12-17,Maharashtra,Nanded,Nanded,TURMERIC,,3250.5,4500.5,4100.5
2022-12-15,Maharashtra,Nanded,Nanded,TURMERIC,2,3250,6400,5200
2022-12-14,Maharashtra,Nanded,Nanded,TURMERIC,,4001,5650,4825
2022-12-12,Maharashtra,Nanded,Nanded,TURMERIC,4,4601,6200,5151
2022-12-10,Maharashtra,Nanded,Nanded,TURMERIC,7,4825,6663.5,5742.5
2022-12-02,Maharashtra,Nanded,Nanded,TURMERIC,,5500,5500,5500
2022-11-30,Maharashtra,Nanded,Nanded,TURMERIC,4,4800,7100,5401
2022-11-28,Maharashtra,Nanded,Nanded,TURMERIC,7,4500,6590,5400
2022-11-23,Maharashtra,Nanded,Nanded,TURMERIC,,4141,5829,4985
2022-11-16,Maharashtra,Nanded,Nanded,TURMERIC,127,4500,7310,6600
2022-11-15,Maharashtra,Nanded,Nanded,TURMERIC,114,5500,8000,6508
2022-11-14,Maharashtra,Nanded,Nanded,TURMERIC,197,6000,7500,6500
2022-11-12,Maharashtra,Nanded,Nanded,TURMERIC,1,4801,5115,4958
2022-11-11,Maharashtra,Nanded,Nanded,TURMERIC,93,4950.5,6850,6347.5
2022-11-10,Maharashtra,Nanded,Nanded,TURMERIC,6,4611,6101,5201
2022-11-09,Maharashtra,Nanded,Nanded,TURMERIC,12,4927.333333333333,5537.333333333333,5356
2022-11-08,Maharashtra,Nanded,Nanded,TURMERIC,87,5500,7300,6435
2022-11-07,Maharashtra,Nanded,Nanded,TURMERIC,114,5500,7295,6300
2022-11-04,Maharashtra,Nanded,Nanded,TURMERIC,128,5022.5,6502.5,5650
2022-11-03,Maharashtra,Nanded,Nanded,TURMERIC,97,4397.5,6530.5,5800
2022-11-01,Maharashtra,Nanded,Nanded,TURMERIC,42,5600,7260,6400
2022-10-31,Maharashtra,Nanded,Nanded,TURMERIC,15,5400,6537.5,5805.5
2022-10-29,Maharashtra,Nanded,Nanded,TURMERIC,11,5001,6071,5081
2022-10-28,Maharashtra,Nanded,Nanded,TURMERIC,16,4907,6042.333333333333,5428.666666666667
2022-10-27,Maharashtra,Nanded,Nanded,TURMERIC,38,5500,6815,6150.5
2022-10-26,Maharashtra,Nanded,Nanded,TURMERIC,33,5624.333333333333,7121,5981
2022-10-21,Maharashtra,Nanded,Nanded,TURMERIC,1,5100,5802,5100
2022-10-20,Maharashtra,Nanded,Nanded,TURMERIC,59,4948.666666666667,6197,5616.666666666667
2022-10-19,Maharashtra,Nanded,Nanded,TURMERIC,55,4700,6282.5,5300
2022-10-18,Maharashtra,Nanded,Nanded,TURMERIC,75,4358.5,6021,5661
2022-10-17,Maharashtra,Nanded,Nanded,TURMERIC,71,4414,6033.666666666667,5366.333333333333
2022-10-15,Maharashtra,Nanded,Nanded,TURMERIC,4,4500,5700,4700
2022-10-14,Maharashtra,Nanded,Nanded,TURMERIC,81,3851.6666666666665,5501.666666666667,4866.666666666667
2022-10-13,Maharashtra,Nanded,Nanded,TURMERIC,87,4388,5825.5,5410.5
2022-10-12,Maharashtra,Nanded,Nanded,TURMERIC,73,5100,6298,5512.5
2022-10-11,Maharashtra,Nanded,Nanded,TURMERIC,143,4400,7000,6000
2022-10-10,Maharashtra,Nanded,Nanded,TURMERIC,141,4310,6380.5,5622.5
2022-10-08,Maharashtra,Nanded,Nanded,TURMERIC,10,4450,5206,4817
2022-10-07,Maharashtra,Nanded,Nanded,TURMERIC,73,4450,6297.5,5550
2022-10-06,Maharashtra,Nanded,Nanded,TURMERIC,38,5000,6088,5550
2022-10-04,Maharashtra,Nanded,Nanded,TURMERIC,43,5103,5903,5503
2022-10-03,Maharashtra,Nanded,Nanded,TURMERIC,8,4515,5101.5,4680.5
2022-10-01,Maharashtra,Nanded,Nanded,TURMERIC,2,4811,5650,4811
2022-09-30,Maharashtra,Nanded,Nanded,TURMERIC,3,5030.5,5580.5,5080.5
2022-09-29,Maharashtra,Nanded,Nanded,TURMERIC,10,4500,5900,5300
2022-09-28,Maharashtra,Nanded,Nanded,TURMERIC,2,3000,5011,4651
2022-09-26,Maharashtra,Nanded,Nanded,TURMERIC,7,4666.5,5669.5,5317
2022-09-24,Maharashtra,Nanded,Nanded,TURMERIC,2,3350,5212.5,4431
2022-09-23,Maharashtra,Nanded,Nanded,TURMERIC,1,4848,5700,5274
2022-09-21,Maharashtra,Nanded,Nanded,TURMERIC,12,4552,5801,5152
2022-09-16,Maharashtra,Nanded,Nanded,TURMERIC,108,3300,6950,6200
2022-09-15,Maharashtra,Nanded,Nanded,TURMERIC,160,4700,6800,6300
2022-09-14,Maharashtra,Nanded,Nanded,TURMERIC,131,4547,6026,5311.666666666667
2022-09-13,Maharashtra,Nanded,Nanded,TURMERIC,23,5327.5,6112.5,5770
2022-09-12,Maharashtra,Nanded,Nanded,TURMERIC,1,5000,6010,5025
2022-09-08,Maharashtra,Nanded,Nanded,TURMERIC,15,4600,6425,4625
2022-09-06,Maharashtra,Nanded,Nanded,TURMERIC,11,5200,7040,6300
2022-09-03,Maharashtra,Nanded,Nanded,TURMERIC,4,4000,5700,4100
2022-09-02,Maharashtra,Nanded,Nanded,TURMERIC,27,4966.666666666667,6366.666666666667,5400
2022-09-01,Maharashtra,Nanded,Nanded,TURMERIC,45,3855.5,6217.5,4800
2022-08-29,Maharashtra,Nanded,Nanded,TURMERIC,11,4700,6171,5600
2022-08-27,Maharashtra,Nanded,Nanded,TURMERIC,1,4959,5415,5187
2022-08-25,Maharashtra,Nanded,Nanded,TURMERIC,1,5352.5,6152.5,5752.5
2022-08-24,Maharashtra,Nanded,Nanded,TURMERIC,90,4841.666666666667,6175,5645
2022-08-23,Maharashtra,Nanded,Nanded,TURMERIC,,4505,4505,4505
2022-08-22,Maharashtra,Nanded,Nanded,TURMERIC,102,4290,6214.333333333333,5277.666666666667
2022-08-20,Maharashtra,Nanded,Nanded,TURMERIC,1,5000,6016,5508
2022-08-19,Maharashtra,Nanded,Nanded,TURMERIC,103,3500,6602.5,5100
2022-08-18,Maharashtra,Nanded,Nanded,TURMERIC,111,4575,6400,5495
2022-08-17,Maharashtra,Nanded,Nanded,TURMERIC,12,4444,6053,5228.5
2022-08-16,Maharashtra,Nanded,Nanded,TURMERIC,,4919,4919,4919
2022-08-13,Maharashtra,Nanded,Nanded,TURMERIC,2,4772,5950.5,5138.5
2022-08-12,Maharashtra,Nanded,Nanded,TURMERIC,14,3935.6666666666665,4771.666666666667,4389.666666666667
2022-08-10,Maharashtra,Nanded,Nanded,TURMERIC,3,5753,6064.5,5852.5
2022-08-08,Maharashtra,Nanded,Nanded,TURMERIC,7,5001,6351,5200
2022-08-06,Maharashtra,Nanded,Nanded,TURMERIC,5,5057.5,6070,5607.5
2022-08-05,Maharashtra,Nanded,Nanded,TURMERIC,107,5516.666666666667,6416.666666666667,5941.666666666667
2022-08-04,Maharashtra,Nanded,Nanded,TURMERIC,83,4050,6638,5550
2022-08-03,Maharashtra,Nanded,Nanded,TURMERIC,130,5036.333333333333,6695.333333333333,5962
2022-08-02,Maharashtra,Nanded,Nanded,TURMERIC,107,4300,7150,6525
2022-08-01,Maharashtra,Nanded,Nanded,TURMERIC,96,4630,6750.5,6348
2022-07-30,Maharashtra,Nanded,Nanded,TURMERIC,16,4633.333333333333,6287,5191.666666666667
2022-07-29,Maharashtra,Nanded,Nanded,TURMERIC,118,4531.666666666667,6467.333333333333,5741.666666666667
2022-07-27,Maharashtra,Nanded,Nanded,TURMERIC,192,4283.333333333333,6493.666666666667,5758.333333333333
2022-07-25,Maharashtra,Nanded,Nanded,TURMERIC,118,5167,6506,6053
2022-07-24,Maharashtra,Nanded,Nanded,TURMERIC,1,4300,4500,4400
2022-07-22,Maharashtra,Nanded,Nanded,TURMERIC,208,5531.5,6219,5884
2022-07-21,Maharashtra,Nanded,Nanded,TURMERIC,148,5900,9000,6500
2022-07-20,Maharashtra,Nanded,Nanded,TURMERIC,202,4766.666666666667,6690.333333333333,6015
2022-07-19,Maharashtra,Nanded,Nanded,TURMERIC,191,4300.5,6664,5457
2022-07-18,Maharashtra,Nanded,Nanded,TURMERIC,40,5500,6855,6380.5
2022-07-17,Maharashtra,Nanded,Nanded,TURMERIC,1,5300,5500,5400
2022-07-16,Maharashtra,Nanded,Nanded,TURMERIC,16,5250,6450,6280.5
2022-07-15,Maharashtra,Nanded,Nanded,TURMERIC,146,5250,6805.5,5800
2022-07-14,Maharashtra,Nanded,Nanded,TURMERIC,4,5125,6450,6315
2022-07-11,Maharashtra,Nanded,Nanded,TURMERIC,16,5176.5,6236.25,5841
2022-07-10,Maharashtra,Nanded,Nanded,TURMERIC,1,5300,5500,5400
2022-07-08,Maharashtra,Nanded,Nanded,TURMERIC,7,5779,6641.5,6129
2022-07-07,Maharashtra,Nanded,Nanded,TURMERIC,5,5853.5,6217,6108.5
2022-07-06,Maharashtra,Nanded,Nanded,TURMERIC,5,3602,6212.5,5173
2022-07-05,Maharashtra,Nanded,Nanded,TURMERIC,11,5777.5,6959.5,6193.5
2022-07-04,Maharashtra,Nanded,Nanded,TURMERIC,17,4766.666666666667,6622.333333333333,5785
2022-07-02,Maharashtra,Nanded,Nanded,TURMERIC,1,5700,6300,6251
2022-07-01,Maharashtra,Nanded,Nanded,TURMERIC,1,5729,6029,5879
2022-06-30,Maharashtra,Nanded,Nanded,TURMERIC,2,5176,5851,5801
2022-06-29,Maharashtra,Nanded,Nanded,TURMERIC,3,4200,6153,5176
2022-06-28,Maharashtra,Nanded,Nanded,TURMERIC,2,4505,6111,5308
2022-06-27,Maharashtra,Nanded,Nanded,TURMERIC,3,4000,6009,5004
2022-06-25,Maharashtra,Nanded,Nanded,TURMERIC,3,2050,5849,3949
2022-06-24,Maharashtra,Nanded,Nanded,TURMERIC,61,5216.666666666667,6235.666666666667,5683.333333333333
2022-06-23,Maharashtra,Nanded,Nanded,TURMERIC,160,5242.25,6141,5847.25
2022-06-22,Maharashtra,Nanded,Nanded,TURMERIC,5,3700,6031.5,5090.5
2022-06-21,Maharashtra,Nanded,Nanded,TURMERIC,1,4500,6000,5250
2022-06-20,Maharashtra,Nanded,Nanded,TURMERIC,120,5100,6671,5913
2022-06-18,Maharashtra,Nanded,Nanded,TURMERIC,1,5357,5827,5592
2022-06-17,Maharashtra,Nanded,Nanded,TURMERIC,3,5275.5,5765,5520
2022-06-16,Maharashtra,Nanded,Nanded,TURMERIC,64,5800,7800,6700
2022-06-15,Maharashtra,Nanded,Nanded,TURMERIC,121,4933.333333333333,6443.666666666667,5592.666666666667
2022-06-14,Maharashtra,Nanded,Nanded,TURMERIC,6,4150,5752.5,4951
2022-06-13,Maharashtra,Nanded,Nanded,TURMERIC,1,4500,4700,4600
2022-06-11,Maharashtra,Nanded,Nanded,TURMERIC,13,4550.5,5832,5153.5
2022-06-10,Maharashtra,Nanded,Nanded,TURMERIC,94,5278.75,6345.75,5710.5
2022-06-09,Maharashtra,Nanded,Nanded,TURMERIC,7,5675,6070,5976
2022-06-08,Maharashtra,Nanded,Nanded,TURMERIC,123,5533.333333333333,6666.666666666667,6200
2022-06-07,Maharashtra,Nanded,Nanded,TURMERIC,140,4800,6686.5,5769.5
2022-06-05,Maharashtra,Nanded,Nanded,TURMERIC,,5300,5500,5400
2022-06-04,Maharashtra,Nanded,Nanded,TURMERIC,15,4401,5929,5165
2022-06-03,Maharashtra,Nanded,Nanded,TURMERIC,176,4669.5,7506,5664
2022-06-02,Maharashtra,Nanded,Nanded,TURMERIC,127,5200,6525.5,5780.5
2022-06-01,Maharashtra,Nanded,Nanded,TURMERIC,208,4850,7514.5,5832
2022-05-31,Maharashtra,Nanded,Nanded,TURMERIC,19,3500,6051,4775
2022-05-30,Maharashtra,Nanded,Nanded,TURMERIC,15,4409,6059,5234
2022-05-28,Maharashtra,Nanded,Nanded,TURMERIC,13,4400,6027,5213
2022-05-27,Maharashtra,Nanded,Nanded,TURMERIC,7,5025,5772,5529.5
2022-05-26,Maharashtra,Nanded,Nanded,TURMERIC,3,5256.5,5806.5,5531.5
2022-05-25,Maharashtra,Nanded,Nanded,TURMERIC,15,4800,6081,5441
2022-05-24,Maharashtra,Nanded,Nanded,TURMERIC,9,4000,5858,4929
2022-05-23,Maharashtra,Nanded,Nanded,TURMERIC,19,4400,5700,5200
2022-05-21,Maharashtra,Nanded,Nanded,TURMERIC,7,4500.5,6079.5,5315
2022-05-20,Maharashtra,Nanded,Nanded,TURMERIC,121,5300,6338,5885.333333333333
2022-05-19,Maharashtra,Nanded,Nanded,TURMERIC,162,4100.5,6542.5,5787.5
2022-05-18,Maharashtra,Nanded,Nanded,TURMERIC,234,5000,7025,5862.5
2022-05-17,Maharashtra,Nanded,Nanded,TURMERIC,304,4550,7121,5665.5
2022-05-16,Maharashtra,Nanded,Nanded,TURMERIC,243,5434.666666666667,6729,6234.333333333333
2022-05-14,Maharashtra,Nanded,Nanded,TURMERIC,10,4805.5,6249.5,5689.5
2022-05-13,Maharashtra,Nanded,Nanded,TURMERIC,167,5495,7137.5,6445
2022-05-12,Maharashtra,Nanded,Nanded,TURMERIC,296,5500,7700,6425
2022-05-11,Maharashtra,Nanded,Nanded,TURMERIC,246,5600,7017,6211
2022-05-10,Maharashtra,Nanded,Nanded,TURMERIC,213,5000,7025.5,5940.5
2022-05-09,Maharashtra,Nanded,Nanded,TURMERIC,369,5200.666666666667,6720.666666666667,6085.666666666667
2022-05-07,Maharashtra,Nanded,Nanded,TURMERIC,18,4509,6305,5407
2022-05-06,Maharashtra,Nanded,Nanded,TURMERIC,276,5650,6977.5,6292.5
2022-05-05,Maharashtra,Nanded,Nanded,TURMERIC,193,5650.5,6964.5,6237.5
2022-05-04,Maharashtra,Nanded,Nanded,TURMERIC,327,5651.666666666667,7342.333333333333,6416.666666666667
2022-05-03,Maharashtra,Nanded,Nanded,TURMERIC,9,3000,6568,4200
2022-05-02,Maharashtra,Nanded,Nanded,TURMERIC,301,5100,6928.333333333333,6225.666666666667
2022-04-30,Maharashtra,Nanded,Nanded,TURMERIC,12,5000,6600,5800
2022-04-29,Maharashtra,Nanded,Nanded,TURMERIC,13,4775.5,6491,5941.5
2022-04-28,Maharashtra,Nanded,Nanded,TURMERIC,8,5550,6550,6275.5
2022-04-27,Maharashtra,Nanded,Nanded,TURMERIC,11,5350,6852,6201
2022-04-26,Maharashtra,Nanded,Nanded,TURMERIC,17,5858,6518,6190
2022-04-25,Maharashtra,Nanded,Nanded,TURMERIC,9,5404,6814,6109
2022-04-23,Maharashtra,Nanded,Nanded,TURMERIC,17,5600,6854,6617.5
2022-04-22,Maharashtra,Nanded,Nanded,TURMERIC,21,5702.5,7000,6576.5
2022-04-21,Maharashtra,Nanded,Nanded,TURMERIC,238,6066.666666666667,7217.333333333333,6748.333333333333
2022-04-20,Maharashtra,Nanded,Nanded,TURMERIC,342,5218.333333333333,7392,6526
2022-04-19,Maharashtra,Nanded,Nanded,TURMERIC,13,3500,6984,5242
2022-04-18,Maharashtra,Nanded,Nanded,TURMERIC,27,5505.5,7362.5,6384
2022-04-16,Maharashtra,Nanded,Nanded,TURMERIC,6,6000,7027,6515
2022-04-15,Maharashtra,Nanded,Nanded,TURMERIC,13,5519,7127,6323
2022-04-13,Maharashtra,Nanded,Nanded,TURMERIC,17,5637.5,7078,6509
2022-04-12,Maharashtra,Nanded,Nanded,TURMERIC,307,6000,7859.5,7005
2022-04-11,Maharashtra,Nanded,Nanded,TURMERIC,423,5266.666666666667,8150,6758.333333333333
2022-04-09,Maharashtra,Nanded,Nanded,TURMERIC,23,5028.5,7131,6404.5
2022-04-08,Maharashtra,Nanded,Nanded,TURMERIC,16,5450,7263.5,6437
2022-04-07,Maharashtra,Nanded,Nanded,TURMERIC,302,6050,8238.666666666666,7017.666666666667
2022-04-06,Maharashtra,Nanded,Nanded,TURMERIC,13,5219.5,7151,6235.5
2022-04-05,Maharashtra,Nanded,Nanded,TURMERIC,340,6000,8172.5,7012.5
2022-04-04,Maharashtra,Nanded,Nanded,TURMERIC,376,5836.666666666667,7461,6818.666666666667
2022-04-02,Maharashtra,Nanded,Nanded,TURMERIC,230,5750.5,8905.5,7112.5
2022-04-01,Maharashtra,Nanded,Nanded,TURMERIC,,6329,6329,6329
2022-03-31,Maharashtra,Nanded,Nanded,TURMERIC,143,5350,7460,6426
2022-03-30,Maharashtra,Nanded,Nanded,TURMERIC,160,5505.5,7678,6608
2022-03-29,Maharashtra,Nanded,Nanded,TURMERIC,171,5295,7606.5,6413.5
2022-03-28,Maharashtra,Nanded,Nanded,TURMERIC,10,5000,6666,5833
2022-03-26,Maharashtra,Nanded,Nanded,TURMERIC,10,4813,6455.5,5428
2022-03-25,Maharashtra,Nanded,Nanded,TURMERIC,168,5569.333333333333,7057.333333333333,6454
2022-03-24,Maharashtra,Nanded,Nanded,TURMERIC,173,5025.333333333333,6761.666666666667,6244.333333333333
2022-03-23,Maharashtra,Nanded,Nanded,TURMERIC,116,5705.333333333333,7022.666666666667,6230.333333333333
2022-03-22,Maharashtra,Nanded,Nanded,TURMERIC,167,5335,7159.5,6191
2022-03-21,Maharashtra,Nanded,Nanded,TURMERIC,14,5007,6557,5782
2022-03-19,Maharashtra,Nanded,Nanded,TURMERIC,6,5807,6627,6217
2022-03-17,Maharashtra,Nanded,Nanded,TURMERIC,2,6161,6600,6380
2022-03-16,Maharashtra,Nanded,Nanded,TURMERIC,99,5223.333333333333,7133.333333333333,6330.666666666667
2022-03-15,Maharashtra,Nanded,Nanded,TURMERIC,81,5100,7677,6457.5
2022-03-14,Maharashtra,Nanded,Nanded,TURMERIC,180,5873.333333333333,7089,6330
2022-03-12,Maharashtra,Nanded,Nanded,TURMERIC,2,4000,6300,5150
2022-03-11,Maharashtra,Nanded,Nanded,TURMERIC,52,5904.333333333333,7239,6564.333333333333
2022-03-10,Maharashtra,Nanded,Nanded,TURMERIC,41,5377.5,6725,6002.5
2022-03-09,Maharashtra,Nanded,Nanded,TURMERIC,37,5401,7420.5,6690
2022-03-08,Maharashtra,Nanded,Nanded,TURMERIC,2,6118,6813,6465
2022-03-07,Maharashtra,Nanded,Nanded,TURMERIC,129,6297.5,7653.5,6950
2022-03-05,Maharashtra,Nanded,Nanded,TURMERIC,2,5800,6665,6455.5
2022-03-04,Maharashtra,Nanded,Nanded,TURMERIC,96,6111.5,7737.5,7055.5
2022-03-03,Maharashtra,Nanded,Nanded,TURMERIC,107,5695,7740,6848.5
2022-02-28,Maharashtra,Nanded,Nanded,TURMERIC,102,5300,8605,7885
2022-02-26,Maharashtra,Nanded,Nanded,TURMERIC,1,5555,6525,6040
2022-02-25,Maharashtra,Nanded,Nanded,TURMERIC,35,6000,8600,7800
2022-02-24,Maharashtra,Nanded,Nanded,TURMERIC,31,6700,8800,7880
2022-02-23,Maharashtra,Nanded,Nanded,TURMERIC,40,6742.5,7547.5,7247.5
2022-02-22,Maharashtra,Nanded,Nanded,TURMERIC,74,6000,7692.5,7175
2022-02-21,Maharashtra,Nanded,Nanded,TURMERIC,102,6263.5,7693,7148
2022-02-18,Maharashtra,Nanded,Nanded,TURMERIC,66,6445,8710,7700
2022-02-17,Maharashtra,Nanded,Nanded,TURMERIC,45,6245,9000,8035
2022-02-16,Maharashtra,Nanded,Nanded,TURMERIC,32,5827.5,8046,6990.5
2022-02-15,Maharashtra,Nanded,Nanded,TURMERIC,37,6900,8690,7395
2022-02-14,Maharashtra,Nanded,Nanded,TURMERIC,61,6700,8675,7300
2022-02-12,Maharashtra,Nanded,Nanded,TURMERIC,,4002,4002,4002
2022-02-11,Maharashtra,Nanded,Nanded,TURMERIC,1,4500,4500,4500
2022-02-10,Maharashtra,Nanded,Nanded,TURMERIC,44,7145,8700,8045
2022-02-09,Maharashtra,Nanded,Nanded,TURMERIC,52,6300,7450,7185
2022-02-08,Maharashtra,Nanded,Nanded,TURMERIC,53,7400,8750,7900
2022-02-04,Maharashtra,Nanded,Nanded,TURMERIC,55,6825,9200,8200
2022-02-03,Maharashtra,Nanded,Nanded,TURMERIC,73,6745,8790,7800
2022-02-02,Maharashtra,Nanded,Nanded,TURMERIC,75,6225.333333333333,7641.666666666667,7166.666666666667
2022-01-31,Maharashtra,Nanded,Nanded,TURMERIC,117,6600,9000,8345
2022-01-28,Maharashtra,Nanded,Nanded,TURMERIC,2,6500,7605,7350
2022-01-27,Maharashtra,Nanded,Nanded,TURMERIC,86,6590,9100,8470
2022-01-25,Maharashtra,Nanded,Nanded,TURMERIC,86,6900,9050,8400
2022-01-24,Maharashtra,Nanded,Nanded,TURMERIC,112,7000,9400,8500
2022-01-21,Maharashtra,Nanded,Nanded,TURMERIC,122,6300,7267.5,6955
2022-01-20,Maharashtra,Nanded,Nanded,TURMERIC,179,6495,8763,7930.5
2022-01-19,Maharashtra,Nanded,Nanded,TURMERIC,110,5942.5,8977.5,7803
2022-01-18,Maharashtra,Nanded,Nanded,TURMERIC,309,6000,9800,8890
2022-01-17,Maharashtra,Nanded,Nanded,TURMERIC,180,5800,8730,8025.5
2022-01-12,Maharashtra,Nanded,Nanded,TURMERIC,1,5200,7900,7300
2022-01-10,Maharashtra,Nanded,Nanded,TURMERIC,2,7250,8000,7550
2022-01-08,Maharashtra,Nanded,Nanded,TURMERIC,1,6000,7551,7300
2022-01-07,Maharashtra,Nanded,Nanded,TURMERIC,2,7200,7900,7500
2022-01-05,Maharashtra,Nanded,Nanded,TURMERIC,,6509,6809,6660
2022-01-03,Maharashtra,Nanded,Nanded,TURMERIC,5,6600,8431,7900
2022-01-01,Maharashtra,Nanded,Nanded,TURMERIC,4,6771,8100,7700
2024-12-31,Telangana,Nizamabad,Nizamabad,TURMERIC,59.7,11256,13581,12911
2024-12-27,Telangana,Nizamabad,Nizamabad,TURMERIC,24.3,11345.5,12926,11963
2024-12-24,Telangana,Nizamabad,Nizamabad,TURMERIC,27.4,9161,12772.5,12177.5
2024-12-13,Telangana,Nizamabad,Nizamabad,TURMERIC,3.6,12308,12777.5,12777.5
2024-12-12,Telangana,Nizamabad,Nizamabad,TURMERIC,92.4,8003,13695.5,11425
2024-12-11,Telangana,Nizamabad,Nizamabad,TURMERIC,65.8,9501,13410,12113
2024-12-10,Telangana,Nizamabad,Nizamabad,TURMERIC,18.5,12846,13355,12860.5
2024-12-09,Telangana,Nizamabad,Nizamabad,TURMERIC,40.6,9650,13546,10806
2024-12-06,Telangana,Nizamabad,Nizamabad,TURMERIC,55.6,10865,13005,11732
2024-12-05,Telangana,Nizamabad,Nizamabad,TURMERIC,27.6,10111,13100,11982
2024-12-04,Telangana,Nizamabad,Nizamabad,TURMERIC,64.1,8621,13000,12428
2024-12-03,Telangana,Nizamabad,Nizamabad,TURMERIC,65.1,8506,13903,12857
2024-12-02,Telangana,Nizamabad,Nizamabad,TURMERIC,20.6,10316,13280,12490.5
2024-11-29,Telangana,Nizamabad,Nizamabad,TURMERIC,24.4,9506,13544.5,12933
2024-11-28,Telangana,Nizamabad,Nizamabad,TURMERIC,1.8,10606,12977,12797.5
2024-11-21,Telangana,Nizamabad,Nizamabad,TURMERIC,9.8,11564.5,14094,12905
2024-11-19,Telangana,Nizamabad,Nizamabad,TURMERIC,42.6,10853.5,11756,11076
2024-11-18,Telangana,Nizamabad,Nizamabad,TURMERIC,53.1,8506,13100,11865
2024-11-06,Telangana,Nizamabad,Nizamabad,TURMERIC,56.3,8750.5,13908,11858
2024-11-05,Telangana,Nizamabad,Nizamabad,TURMERIC,62.3,8058.5,12410.5,11658.5
2024-11-04,Telangana,Nizamabad,Nizamabad,TURMERIC,113.8,8100,12588.5,11708.5
2024-10-14,Telangana,Nizamabad,Nizamabad,TURMERIC,35.8,8006,11335,10464
2024-10-04,Telangana,Nizamabad,Nizamabad,TURMERIC,20.3,11481,12113,11548
2024-10-03,Telangana,Nizamabad,Nizamabad,TURMERIC,9.8,8100,13189,13000
2024-09-27,Telangana,Nizamabad,Nizamabad,TURMERIC,41.8,12180,13332.5,13165
2024-09-26,Telangana,Nizamabad,Nizamabad,TURMERIC,66,11733,13801.5,13570
2024-09-25,Telangana,Nizamabad,Nizamabad,TURMERIC,36.9,8000,14109,13608
2024-09-24,Telangana,Nizamabad,Nizamabad,TURMERIC,41.4,8606,13912,12406
2024-09-23,Telangana,Nizamabad,Nizamabad,TURMERIC,70.1,7756,13855.5,12465.5
2024-09-20,Telangana,Nizamabad,Nizamabad,TURMERIC,35.3,8000,14003,13238
2024-09-19,Telangana,Nizamabad,Nizamabad,TURMERIC,35.3,8000,14003,13238
2024-09-13,Telangana,Nizamabad,Nizamabad,TURMERIC,9.2,8503,9830.5,9100
2024-09-12,Telangana,Nizamabad,Nizamabad,TURMERIC,22.1,9505.5,13223.5,12785.5
2024-09-11,Telangana,Nizamabad,Nizamabad,TURMERIC,34.6,8003,13385.5,12550
2024-09-10,Telangana,Nizamabad,Nizamabad,TURMERIC,19.8,9305.5,13680,11937.5
2024-09-06,Telangana,Nizamabad,Nizamabad,TURMERIC,12,12006,12006,12006
2024-09-05,Telangana,Nizamabad,Nizamabad,TURMERIC,30.1,8506,12260,12000
2024-08-28,Telangana,Nizamabad,Nizamabad,TURMERIC,24,9006,13161,11403
2024-08-27,Telangana,Nizamabad,Nizamabad,TURMERIC,36,8714.5,13340,11545.5
2024-08-23,Telangana,Nizamabad,Nizamabad,TURMERIC,31.4,8003,13550,12650
2024-08-22,Telangana,Nizamabad,Nizamabad,TURMERIC,39.2,8511,13805.5,13014.5
2024-08-21,Telangana,Nizamabad,Nizamabad,TURMERIC,29.3,9258,14429.5,13196
2024-08-17,Telangana,Nizamabad,Nizamabad,TURMERIC,3.8,8000,13800,13400
2024-08-16,Telangana,Nizamabad,Nizamabad,TURMERIC,58.9,8006,13698,12114
2024-08-13,Telangana,Nizamabad,Nizamabad,TURMERIC,46.1,8013,14653,13283
2024-08-12,Telangana,Nizamabad,Nizamabad,TURMERIC,43.9,8783,14633,13783
2024-08-09,Telangana,Nizamabad,Nizamabad,TURMERIC,2.4,10910.5,13785.5,11423
2024-08-08,Telangana,Nizamabad,Nizamabad,TURMERIC,21.3,8003,13392.5,12555.5
2024-08-07,Telangana,Nizamabad,Nizamabad,TURMERIC,54.4,8753,14624,13444.5
2024-08-06,Telangana,Nizamabad,Nizamabad,TURMERIC,33.8,7503,14485,13100
2024-08-05,Telangana,Nizamabad,Nizamabad,TURMERIC,59.3,7503,14920,13507.5
2024-07-31,Telangana,Nizamabad,Nizamabad,TURMERIC,,8503,14870,13500
2024-07-26,Telangana,Nizamabad,Nizamabad,TURMERIC,,7500,14990.5,14000
2024-07-25,Telangana,Nizamabad,Nizamabad,TURMERIC,,8309,14428,14112.5
2024-07-23,Telangana,Nizamabad,Nizamabad,TURMERIC,,9000,14883,14225.5
2024-07-22,Telangana,Nizamabad,Nizamabad,TURMERIC,,8756,14560,13230.5
2024-07-19,Telangana,Nizamabad,Nizamabad,TURMERIC,,8028,14318,13000
2024-07-18,Telangana,Nizamabad,Nizamabad,TURMERIC,,8569,15511.5,14050
2024-07-12,Telangana,Nizamabad,Nizamabad,TURMERIC,,7613.5,14277.5,13527.5
2024-07-11,Telangana,Nizamabad,Nizamabad,TURMERIC,,8763.5,14967.5,13743
2024-07-10,Telangana,Nizamabad,Nizamabad,TURMERIC,,8049,15700,13910
2024-07-09,Telangana,Nizamabad,Nizamabad,TURMERIC,,8000,14353.5,13260
2024-07-08,Telangana,Nizamabad,Nizamabad,TURMERIC,,8000,15079,13060
2024-07-04,Telangana,Nizamabad,Nizamabad,TURMERIC,,8530,15145.5,13294.5
2024-07-03,Telangana,Nizamabad,Nizamabad,TURMERIC,,8000,14924.5,13777.5
2024-07-02,Telangana,Nizamabad,Nizamabad,TURMERIC,,9109,15364,14350
2024-07-01,Telangana,Nizamabad,Nizamabad,TURMERIC,,8000,15655,13750
2024-06-28,Telangana,Nizamabad,Nizamabad,TURMERIC,,8509,15669.5,14892.5
2024-06-27,Telangana,Nizamabad,Nizamabad,TURMERIC,,8003,16072.5,15164.5
2024-06-26,Telangana,Nizamabad,Nizamabad,TURMERIC,,8639,15934.5,14119.5
2024-06-25,Telangana,Nizamabad,Nizamabad,TURMERIC,,8005.5,16074,14500
2024-06-24,Telangana,Nizamabad,Nizamabad,TURMERIC,,8099,16184.5,14375
2024-06-21,Telangana,Nizamabad,Nizamabad,TURMERIC,,7503.5,16600.5,14750
2024-06-20,Telangana,Nizamabad,Nizamabad,TURMERIC,,9750,16650,15000
2024-06-19,Telangana,Nizamabad,Nizamabad,TURMERIC,,8563,16497,14687.5
2024-06-18,Telangana,Nizamabad,Nizamabad,TURMERIC,,9418,16192.5,14250
2024-06-14,Telangana,Nizamabad,Nizamabad,TURMERIC,,9300.5,16608.5,14875
2024-06-13,Telangana,Nizamabad,Nizamabad,TURMERIC,,9003,16288,14500
2024-06-12,Telangana,Nizamabad,Nizamabad,TURMERIC,,8004.5,16682.5,14875
2024-06-11,Telangana,Nizamabad,Nizamabad,TURMERIC,,10753,16189,14590
2024-06-10,Telangana,Nizamabad,Nizamabad,TURMERIC,,7804.5,16518.5,14562.5
2024-06-07,Telangana,Nizamabad,Nizamabad,TURMERIC,,9427,16918,14988
2024-06-05,Telangana,Nizamabad,Nizamabad,TURMERIC,,11006,15602.5,14500
2024-06-04,Telangana,Nizamabad,Nizamabad,TURMERIC,,8266.5,16564,14250
2024-06-03,Telangana,Nizamabad,Nizamabad,TURMERIC,,8030.5,16713,15000
2024-05-31,Telangana,Nizamabad,Nizamabad,TURMERIC,41.5,11016.5,16618,14875
2024-05-30,Telangana,Nizamabad,Nizamabad,TURMERIC,136.9,8205,16999,14750
2024-05-29,Telangana,Nizamabad,Nizamabad,TURMERIC,119.7,8000,17109,13783
2024-05-28,Telangana,Nizamabad,Nizamabad,TURMERIC,164.3,9674,17344.5,15500
2024-05-27,Telangana,Nizamabad,Nizamabad,TURMERIC,219.9,9753,17619.5,15125
2024-05-24,Telangana,Nizamabad,Nizamabad,TURMERIC,202.7,12498,16757,14875
2024-05-23,Telangana,Nizamabad,Nizamabad,TURMERIC,187.5,9813,17109.5,15333
2024-05-22,Telangana,Nizamabad,Nizamabad,TURMERIC,154.1,8049.5,17234.5,14750
2024-05-21,Telangana,Nizamabad,Nizamabad,TURMERIC,185.7,7553.5,16565,14750
2024-05-20,Telangana,Nizamabad,Nizamabad,TURMERIC,230.7,8802.5,16359.5,14125
2024-05-17,Telangana,Nizamabad,Nizamabad,TURMERIC,78.7,9908.5,15490,14375
2024-05-16,Telangana,Nizamabad,Nizamabad,TURMERIC,110.2,10450,15863,14041.5
2024-05-15,Telangana,Nizamabad,Nizamabad,TURMERIC,172.3,8005,16230,14187.5
2024-05-14,Telangana,Nizamabad,Nizamabad,TURMERIC,210.8,8850,16399,14500
2024-05-10,Telangana,Nizamabad,Nizamabad,TURMERIC,101.5,8655,16365.5,14250
2024-05-09,Telangana,Nizamabad,Nizamabad,TURMERIC,289.6,8377,16782.5,14750
2024-05-03,Telangana,Nizamabad,Nizamabad,TURMERIC,228.3,8507.5,16939.5,15250
2024-05-02,Telangana,Nizamabad,Nizamabad,TURMERIC,322.1,8500,17332,12500
2024-04-30,Telangana,Nizamabad,Nizamabad,TURMERIC,281.1,8044,17236.5,15250
2024-04-29,Telangana,Nizamabad,Nizamabad,TURMERIC,538.2,8042,17300,15375
2024-04-26,Telangana,Nizamabad,Nizamabad,TURMERIC,181.7,9018,17160.5,15875
2024-04-25,Telangana,Nizamabad,Nizamabad,TURMERIC,252.3,9253,17118,15625
2024-04-24,Telangana,Nizamabad,Nizamabad,TURMERIC,299.5,8562.5,16827,15625
2024-04-19,Telangana,Nizamabad,Nizamabad,TURMERIC,263.3,8350,16697,15000
2024-04-18,Telangana,Nizamabad,Nizamabad,TURMERIC,524.7,8054.5,16561,14750
2024-04-16,Telangana,Nizamabad,Nizamabad,TURMERIC,132.1,7502.5,14996.5,13425
2024-04-15,Telangana,Nizamabad,Nizamabad,TURMERIC,573.9,7500,15364,12750
2024-04-12,Telangana,Nizamabad,Nizamabad,TURMERIC,502.2,7563.5,15069.5,12500
2024-04-05,Telangana,Nizamabad,Nizamabad,TURMERIC,336.7,7500,15071.5,12750
2024-04-04,Telangana,Nizamabad,Nizamabad,TURMERIC,476.5,7500,15375,12750
2024-04-03,Telangana,Nizamabad,Nizamabad,TURMERIC,,7504.5,14869.5,12500
2024-04-02,Telangana,Nizamabad,Nizamabad,TURMERIC,,7584.5,15198.5,12125
2024-04-01,Telangana,Nizamabad,Nizamabad,TURMERIC,,7504.5,15603,12500
2024-03-27,Telangana,Nizamabad,Nizamabad,TURMERIC,1496.8,7500,15698.5,12750
2024-03-22,Telangana,Nizamabad,Nizamabad,TURMERIC,640.2,7500,15613.5,12500
2024-03-21,Telangana,Nizamabad,Nizamabad,TURMERIC,835.4,7500,15666,11875
2024-03-20,Telangana,Nizamabad,Nizamabad,TURMERIC,1044.9,7503,16029,12500
2024-03-19,Telangana,Nizamabad,Nizamabad,TURMERIC,1311.6,7504.5,15755,12500
2024-03-15,Telangana,Nizamabad,Nizamabad,TURMERIC,889,7500,15850,12850
2024-03-13,Telangana,Nizamabad,Nizamabad,TURMERIC,1141.4,8113,16865,13875
2024-03-12,Telangana,Nizamabad,Nizamabad,TURMERIC,999,7616.5,16933.5,14000
2024-03-06,Telangana,Nizamabad,Nizamabad,TURMERIC,698.1,8000,14442,11750
2024-03-05,Telangana,Nizamabad,Nizamabad,TURMERIC,1088.1,8084.5,14683,12000
2024-03-01,Telangana,Nizamabad,Nizamabad,TURMERIC,914.4,7558,13847,11000
2024-02-29,Telangana,Nizamabad,Nizamabad,TURMERIC,824.4,7500,13423.5,10750
2024-02-28,Telangana,Nizamabad,Nizamabad,TURMERIC,782.5,7527.5,13142,10750
2024-02-27,Telangana,Nizamabad,Nizamabad,TURMERIC,763.5,7500.5,12909.5,10250
2024-02-26,Telangana,Nizamabad,Nizamabad,TURMERIC,1533,7500,12849,10000
2024-02-23,Telangana,Nizamabad,Nizamabad,TURMERIC,915.1,7500,12955.5,10000
2023-12-27,Telangana,Nizamabad,Nizamabad,TURMERIC,174.4,7828,10981.5,10123
2023-12-22,Telangana,Nizamabad,Nizamabad,TURMERIC,69.9,6753,11478,10996.5
2023-12-21,Telangana,Nizamabad,Nizamabad,TURMERIC,152.8,5506,11849,11015
2023-12-20,Telangana,Nizamabad,Nizamabad,TURMERIC,80.2,8544.5,11823,11194.5
2023-12-19,Telangana,Nizamabad,Nizamabad,TURMERIC,163.2,7741,12073.5,10933.5
2023-12-18,Telangana,Nizamabad,Nizamabad,TURMERIC,92.8,9258,11679.5,11105.5
2023-12-15,Telangana,Nizamabad,Nizamabad,TURMERIC,61.7,10052.5,11703.5,10891
2023-12-14,Telangana,Nizamabad,Nizamabad,TURMERIC,,9253,11679.5,11105.5
2023-12-13,Telangana,Nizamabad,Nizamabad,TURMERIC,,8006,12020.5,11075
2023-12-08,Telangana,Nizamabad,Nizamabad,TURMERIC,,10477,11697.5,10930
2023-12-07,Telangana,Nizamabad,Nizamabad,TURMERIC,,6557.5,11394.5,11075
2023-12-01,Telangana,Nizamabad,Nizamabad,TURMERIC,,8097.5,10506,10047.5
2023-11-28,Telangana,Nizamabad,Nizamabad,TURMERIC,23.6,6935.5,11708,10878
2023-11-24,Telangana,Nizamabad,Nizamabad,TURMERIC,41.9,7834.5,12275,10100.5
2023-11-23,Telangana,Nizamabad,Nizamabad,TURMERIC,40,7306,12094,10870.5
2023-11-22,Telangana,Nizamabad,Nizamabad,TURMERIC,44.9,8620.5,11387,10847
2023-11-21,Telangana,Nizamabad,Nizamabad,TURMERIC,50.2,8138,11615.5,11145.5
2023-11-17,Telangana,Nizamabad,Nizamabad,TURMERIC,19.7,4628,12016,8947.5
2023-11-16,Telangana,Nizamabad,Nizamabad,TURMERIC,140.7,4756,12880.5,10505.5
2023-11-13,Telangana,Nizamabad,Nizamabad,TURMERIC,0.2,11000,11000,11000
2023-11-09,Telangana,Nizamabad,Nizamabad,TURMERIC,32.5,9950,10805,9950
2023-11-08,Telangana,Nizamabad,Nizamabad,TURMERIC,217.8,10311,10839,10406
2023-11-07,Telangana,Nizamabad,Nizamabad,TURMERIC,52.9,9578,11507.5,10993
2023-11-06,Telangana,Nizamabad,Nizamabad,TURMERIC,45.6,7316,12485,10772
2023-11-03,Telangana,Nizamabad,Nizamabad,TURMERIC,67,9656,11257,10711
2023-11-02,Telangana,Nizamabad,Nizamabad,TURMERIC,65.1,5776,11876.5,10760
2023-10-30,Telangana,Nizamabad,Nizamabad,TURMERIC,16.6,5266.5,10138.5,9230.5
2023-10-27,Telangana,Nizamabad,Nizamabad,TURMERIC,11.4,6142,11139.5,10418
2023-10-26,Telangana,Nizamabad,Nizamabad,TURMERIC,48.1,6266.5,11000.5,9766.5
2023-10-20,Telangana,Nizamabad,Nizamabad,TURMERIC,14.8,6000,10556,8000
2023-10-19,Telangana,Nizamabad,Nizamabad,TURMERIC,27.6,6656,10825.5,10402.5
2023-10-18,Telangana,Nizamabad,Nizamabad,TURMERIC,,4006,8556,6006
2023-10-17,Telangana,Nizamabad,Nizamabad,TURMERIC,46.2,5428,11720,10847.5
2023-10-16,Telangana,Nizamabad,Nizamabad,TURMERIC,15.3,6155,12007,9694
2023-10-13,Telangana,Nizamabad,Nizamabad,TURMERIC,26.5,4500,8912.5,6300
2023-10-12,Telangana,Nizamabad,Nizamabad,TURMERIC,21.6,5847.5,11752.5,8947.5
2023-10-11,Telangana,Nizamabad,Nizamabad,TURMERIC,35.9,5506,12169,10697
2023-10-10,Telangana,Nizamabad,Nizamabad,TURMERIC,51.2,5500,10933,10294.5
2023-10-09,Telangana,Nizamabad,Nizamabad,TURMERIC,71.6,6053,11941.5,8832
2023-10-06,Telangana,Nizamabad,Nizamabad,TURMERIC,380.5,4553,11819.5,10786
2023-10-05,Telangana,Nizamabad,Nizamabad,TURMERIC,91.8,5265.5,11674,10206
2023-10-03,Telangana,Nizamabad,Nizamabad,TURMERIC,9.7,7636,9400,8700
2023-09-27,Telangana,Nizamabad,Nizamabad,TURMERIC,30.6,5666.5,10537.5,9433
2023-09-26,Telangana,Nizamabad,Nizamabad,TURMERIC,64.4,6256,11144.5,9557.5
2023-09-25,Telangana,Nizamabad,Nizamabad,TURMERIC,72.5,6003.5,11765,10072
2023-09-22,Telangana,Nizamabad,Nizamabad,TURMERIC,21.5,6103.5,10849,9083
2023-09-21,Telangana,Nizamabad,Nizamabad,TURMERIC,83.2,5851,12297.5,10197.5
2023-09-20,Telangana,Nizamabad,Nizamabad,TURMERIC,128.8,6256,12666.5,11440.5
2023-09-19,Telangana,Nizamabad,Nizamabad,TURMERIC,96.4,5266.5,12263,9712.5
2023-09-13,Telangana,Nizamabad,Nizamabad,TURMERIC,72.7,5256,11810.5,10586.5
2023-09-12,Telangana,Nizamabad,Nizamabad,TURMERIC,118.7,5627,11574,10590.5
2023-09-11,Telangana,Nizamabad,Nizamabad,TURMERIC,113,4777,11977.5,9530
2023-09-08,Telangana,Nizamabad,Nizamabad,TURMERIC,79.8,5058.5,12277.5,10809.5
2023-09-06,Telangana,Nizamabad,Nizamabad,TURMERIC,97.5,7203,12722,11255
2023-09-04,Telangana,Nizamabad,Nizamabad,TURMERIC,65.3,9362.5,10905.5,10250
2023-09-01,Telangana,Nizamabad,Nizamabad,TURMERIC,148,5761.5,12719.5,10889.5
2023-08-30,Telangana,Nizamabad,Nizamabad,TURMERIC,107.4,7506,12597,11034.5
2023-08-29,Telangana,Nizamabad,Nizamabad,TURMERIC,150.2,6613.5,11695.5,10065
2023-08-28,Telangana,Nizamabad,Nizamabad,TURMERIC,261.4,6028,12492,10725
2023-08-25,Telangana,Nizamabad,Nizamabad,TURMERIC,128.3,8145,12694.5,11496
2023-08-24,Telangana,Nizamabad,Nizamabad,TURMERIC,278.2,5755.5,13016.5,11660.5
2023-08-23,Telangana,Nizamabad,Nizamabad,TURMERIC,168.1,5771.5,12854.5,11500
2023-08-22,Telangana,Nizamabad,Nizamabad,TURMERIC,166.2,6006,13306.5,11400
2023-08-21,Telangana,Nizamabad,Nizamabad,TURMERIC,216.9,4778,12882.5,11250
2023-08-17,Telangana,Nizamabad,Nizamabad,TURMERIC,165,5028,13262.5,10357.5
2023-08-14,Telangana,Nizamabad,Nizamabad,TURMERIC,122.3,5149.5,13020,10842.5
2023-08-11,Telangana,Nizamabad,Nizamabad,TURMERIC,173.2,5332,13852.5,10367.5
2023-08-10,Telangana,Nizamabad,Nizamabad,TURMERIC,242.8,6519.5,13008.5,11775
2023-08-09,Telangana,Nizamabad,Nizamabad,TURMERIC,207.8,8078.5,13532,11058.5
2023-08-03,Telangana,Nizamabad,Nizamabad,TURMERIC,219.9,6506,13440.5,11747
2023-08-02,Telangana,Nizamabad,Nizamabad,TURMERIC,367.8,5000,12927.5,10616.5
2023-08-01,Telangana,Nizamabad,Nizamabad,TURMERIC,201.9,6106,13007,10993
2023-07-31,Telangana,Nizamabad,Nizamabad,TURMERIC,359.9,5244,12971,10408.5
2023-07-28,Telangana,Nizamabad,Nizamabad,TURMERIC,252.9,6858.5,13150.5,10719.5
2023-07-26,Telangana,Nizamabad,Nizamabad,TURMERIC,282.9,5518,11815,10152.5
2023-07-25,Telangana,Nizamabad,Nizamabad,TURMERIC,232.7,4688.5,12083,9289
2023-07-24,Telangana,Nizamabad,Nizamabad,TURMERIC,312.9,4919,11594,9572
2023-07-20,Telangana,Nizamabad,Nizamabad,TURMERIC,269,5268,12533,9243
2023-07-19,Telangana,Nizamabad,Nizamabad,TURMERIC,206.4,5207.5,10935,9294.5
2023-07-18,Telangana,Nizamabad,Nizamabad,TURMERIC,100.2,6054.5,10911,9193.5
2023-07-14,Telangana,Nizamabad,Nizamabad,TURMERIC,135.4,5163.5,10014,8135.5
2023-07-13,Telangana,Nizamabad,Nizamabad,TURMERIC,187.6,4713.5,9663.5,7944
2023-07-12,Telangana,Nizamabad,Nizamabad,TURMERIC,135.8,5082,8948.5,7769.5
2023-07-10,Telangana,Nizamabad,Nizamabad,TURMERIC,160.6,4533,8383.5,6617.5
2023-07-07,Telangana,Nizamabad,Nizamabad,TURMERIC,232.3,4864.5,8227.5,6882
2023-07-06,Telangana,Nizamabad,Nizamabad,TURMERIC,219.3,4514.5,8205,6878
2023-07-05,Telangana,Nizamabad,Nizamabad,TURMERIC,171.8,5006,8094.5,6725
2023-07-04,Telangana,Nizamabad,Nizamabad,TURMERIC,278.4,4686,8178.5,6683
2023-06-30,Telangana,Nizamabad,Nizamabad,TURMERIC,281.7,4800,8769,6502.5
2023-06-28,Telangana,Nizamabad,Nizamabad,TURMERIC,192.2,4305.5,7696,6464.5
2023-06-27,Telangana,Nizamabad,Nizamabad,TURMERIC,195.1,4458,8542.5,6419.5
2023-06-26,Telangana,Nizamabad,Nizamabad,TURMERIC,321.4,4250,7809,6244
2023-06-23,Telangana,Nizamabad,Nizamabad,TURMERIC,366.9,4425,8341,5819.5
2023-06-22,Telangana,Nizamabad,Nizamabad,TURMERIC,387.7,4350,8472.5,6650
2023-06-21,Telangana,Nizamabad,Nizamabad,TURMERIC,251.4,4456,7885.5,6119.5
2023-06-20,Telangana,Nizamabad,Nizamabad,TURMERIC,490.1,4325,7967,6689
2023-06-19,Telangana,Nizamabad,Nizamabad,TURMERIC,427.2,4366.5,7814,6069
2023-06-16,Telangana,Nizamabad,Nizamabad,TURMERIC,364.4,4309,7292,5977.5
2023-06-15,Telangana,Nizamabad,Nizamabad,TURMERIC,302.3,4256,7889.5,6214.5
2023-06-14,Telangana,Nizamabad,Nizamabad,TURMERIC,221.2,4259.5,7475.5,5933
2023-06-12,Telangana,Nizamabad,Nizamabad,TURMERIC,296.6,4254.5,6533,5732.5
2023-06-08,Telangana,Nizamabad,Nizamabad,TURMERIC,191.3,4320,6446.5,5716
2023-06-06,Telangana,Nizamabad,Nizamabad,TURMERIC,339.1,4263.5,6654,5623
2023-06-05,Telangana,Nizamabad,Nizamabad,TURMERIC,352,4014,6838.5,5551
2023-06-02,Telangana,Nizamabad,Nizamabad,TURMERIC,249.5,4409,6687.5,5784.5
2023-05-30,Telangana,Nizamabad,Nizamabad,TURMERIC,405.9,4355.5,7035.5,5969.5
2023-05-29,Telangana,Nizamabad,Nizamabad,TURMERIC,532.6,4300,7334.5,6410.5
2023-05-26,Telangana,Nizamabad,Nizamabad,TURMERIC,321.1,4258.5,7490,6304
2023-05-25,Telangana,Nizamabad,Nizamabad,TURMERIC,280.6,4473,7350,6407.5
2023-05-24,Telangana,Nizamabad,Nizamabad,TURMERIC,335.3,4404.5,7217,6155
2023-05-23,Telangana,Nizamabad,Nizamabad,TURMERIC,461.2,4254.5,7211.5,6563.5
2023-05-22,Telangana,Nizamabad,Nizamabad,TURMERIC,649.6,4424.5,7266.5,6211.5
2023-05-18,Telangana,Nizamabad,Nizamabad,TURMERIC,312.9,4750.5,8142,6738.5
2023-05-17,Telangana,Nizamabad,Nizamabad,TURMERIC,292.9,4403,7678.5,6800
2023-05-16,Telangana,Nizamabad,Nizamabad,TURMERIC,177.2,4408,7750.5,6503
2023-05-15,Telangana,Nizamabad,Nizamabad,TURMERIC,371.6,4254.5,8030.5,6529
2023-05-12,Telangana,Nizamabad,Nizamabad,TURMERIC,163.8,4344.5,7579,6130
2023-05-11,Telangana,Nizamabad,Nizamabad,TURMERIC,,4069,6666,5688
2023-05-10,Telangana,Nizamabad,Nizamabad,TURMERIC,,4029,6650,6060
2023-05-09,Telangana,Nizamabad,Nizamabad,TURMERIC,227.9,4250,7217.5,5761.5
2023-05-08,Telangana,Nizamabad,Nizamabad,TURMERIC,377.1,4250,7085.5,5474
2023-05-05,Telangana,Nizamabad,Nizamabad,TURMERIC,228.1,4250.5,6896.5,5500
2023-05-04,Telangana,Nizamabad,Nizamabad,TURMERIC,172.5,4500,6548,5319.5
2023-05-03,Telangana,Nizamabad,Nizamabad,TURMERIC,259.1,4250,6444,5160
2023-05-02,Telangana,Nizamabad,Nizamabad,TURMERIC,167,4250,6312,4854.5
2023-04-29,Telangana,Nizamabad,Nizamabad,TURMERIC,10.5,4500,4505,4500
2023-04-28,Telangana,Nizamabad,Nizamabad,TURMERIC,94.1,4250,5914.5,4300
2023-04-27,Telangana,Nizamabad,Nizamabad,TURMERIC,241.9,4254.5,6138.5,5016.5
2023-04-26,Telangana,Nizamabad,Nizamabad,TURMERIC,213.5,4250,6122,4795
2023-04-25,Telangana,Nizamabad,Nizamabad,TURMERIC,390.8,4250.5,5902,4687.5
2023-04-24,Telangana,Nizamabad,Nizamabad,TURMERIC,793.4,4250.5,6349,5158
2023-04-19,Telangana,Nizamabad,Nizamabad,TURMERIC,595.1,4250,6370,5155
2023-04-18,Telangana,Nizamabad,Nizamabad,TURMERIC,762.4,4250,6239,5348.5
2023-04-17,Telangana,Nizamabad,Nizamabad,TURMERIC,1495.1,4251,6336,5342.5
2023-04-12,Telangana,Nizamabad,Nizamabad,TURMERIC,1225.6,4250.5,6445.5,5420
2023-04-11,Telangana,Nizamabad,Nizamabad,TURMERIC,1364.3,4250.5,6434.5,5352.5
2023-04-10,Telangana,Nizamabad,Nizamabad,TURMERIC,1276.3,4254.5,6639,5155.5
2023-04-07,Telangana,Nizamabad,Nizamabad,TURMERIC,939.3,4250,6414,5350
2023-04-04,Telangana,Nizamabad,Nizamabad,TURMERIC,1023.7,4275,6884.5,5419
2023-03-27,Telangana,Nizamabad,Nizamabad,TURMERIC,2646.3,4275,6665,5552
2023-03-14,Telangana,Nizamabad,Nizamabad,TURMERIC,1233.1,4250,6517.5,5302.5
2023-03-13,Telangana,Nizamabad,Nizamabad,TURMERIC,2227,4254.5,6328.5,5376
2023-03-10,Telangana,Nizamabad,Nizamabad,TURMERIC,1043.1,4250.5,6362,5419.5
2023-03-09,Telangana,Nizamabad,Nizamabad,TURMERIC,2536.8,4250,6594.5,5485
2023-03-03,Telangana,Nizamabad,Nizamabad,TURMERIC,955.3,4254.5,6328,5196.5
2023-03-02,Telangana,Nizamabad,Nizamabad,TURMERIC,929.3,4253,6367.5,5273.5
2023-03-01,Telangana,Nizamabad,Nizamabad,TURMERIC,902,4251,6294.5,5287.5
2023-02-27,Telangana,Nizamabad,Nizamabad,TURMERIC,1939.7,4250.5,6329,5260
2023-02-22,Telangana,Nizamabad,Nizamabad,TURMERIC,895.2,4000,6132,5247
2023-02-21,Telangana,Nizamabad,Nizamabad,TURMERIC,1530.6,4001,6228.5,5237.5
2023-02-10,Telangana,Nizamabad,Nizamabad,TURMERIC,499.4,4000,5863,4782.5
2023-02-09,Telangana,Nizamabad,Nizamabad,TURMERIC,517.2,4000,5685,4780
2023-02-08,Telangana,Nizamabad,Nizamabad,TURMERIC,477.2,4000,5614,4633
2023-02-07,Telangana,Nizamabad,Nizamabad,TURMERIC,421.3,4000,5810.5,4717.5
2023-02-06,Telangana,Nizamabad,Nizamabad,TURMERIC,793.8,4000,5938.5,4875
2023-02-03,Telangana,Nizamabad,Nizamabad,TURMERIC,464.9,3754.5,5857.5,4693.5
2023-02-02,Telangana,Nizamabad,Nizamabad,TURMERIC,343,3750,5945.5,4924
2023-02-01,Telangana,Nizamabad,Nizamabad,TURMERIC,321.7,3754.5,6062.5,4963
2023-01-31,Telangana,Nizamabad,Nizamabad,TURMERIC,235.3,3775,5867.5,4905
2023-01-30,Telangana,Nizamabad,Nizamabad,TURMERIC,398.9,3815,6335,5136.5
2023-01-27,Telangana,Nizamabad,Nizamabad,TURMERIC,236.5,3759,6418,5526.5
2023-01-25,Telangana,Nizamabad,Nizamabad,TURMERIC,171.8,4000,6311.5,5317.5
2023-01-24,Telangana,Nizamabad,Nizamabad,TURMERIC,249.2,4140,6465,5685
2023-01-23,Telangana,Nizamabad,Nizamabad,TURMERIC,257.8,4131.5,6243.5,5308
2023-01-19,Telangana,Nizamabad,Nizamabad,TURMERIC,84,4412.5,6383.5,5358
2023-01-18,Telangana,Nizamabad,Nizamabad,TURMERIC,109.8,5514,6767.5,6020
2023-01-17,Telangana,Nizamabad,Nizamabad,TURMERIC,61,4797.5,7469,5589
2023-01-13,Telangana,Nizamabad,Nizamabad,TURMERIC,23.1,4083,6939,5872.5
2023-01-12,Telangana,Nizamabad,Nizamabad,TURMERIC,54.6,3855,6760.5,5924
2023-01-11,Telangana,Nizamabad,Nizamabad,TURMERIC,27.5,5665.5,6785.5,6383
2023-01-09,Telangana,Nizamabad,Nizamabad,TURMERIC,96.3,4068.5,7089.5,6229
2023-01-06,Telangana,Nizamabad,Nizamabad,TURMERIC,19.1,4170.5,5475.5,5314.5
2023-01-05,Telangana,Nizamabad,Nizamabad,TURMERIC,130.5,4011.5,7149,5902.5
2023-01-04,Telangana,Nizamabad,Nizamabad,TURMERIC,63.9,4511,7347.5,6162
2023-01-03,Telangana,Nizamabad,Nizamabad,TURMERIC,69.9,5648.5,7358.5,6425
2023-01-02,Telangana,Nizamabad,Nizamabad,TURMERIC,48.7,4921,6184,5925
2022-12-31,Telangana,Nizamabad,Nizamabad,TURMERIC,84.7,5253,6481,5555
2022-12-29,Telangana,Nizamabad,Nizamabad,TURMERIC,109.6,4829.5,7018.5,6247
2022-12-28,Telangana,Nizamabad,Nizamabad,TURMERIC,80.3,4629,7110,6266.5
2022-12-27,Telangana,Nizamabad,Nizamabad,TURMERIC,80.3,4629,7110,6266.5
2022-12-22,Telangana,Nizamabad,Nizamabad,TURMERIC,60.7,4882.5,7216,6836
2022-12-21,Telangana,Nizamabad,Nizamabad,TURMERIC,38.8,4705.5,6918.5,6433
2022-12-20,Telangana,Nizamabad,Nizamabad,TURMERIC,81.5,4480,6429,6050
2022-12-19,Telangana,Nizamabad,Nizamabad,TURMERIC,78.8,5277.5,6744,6407.5
2022-12-16,Telangana,Nizamabad,Nizamabad,TURMERIC,44,5310,6980,6273
2022-12-15,Telangana,Nizamabad,Nizamabad,TURMERIC,52.4,4978,6754,6055
2022-12-14,Telangana,Nizamabad,Nizamabad,TURMERIC,128.1,4510.5,6580,6259
2022-12-13,Telangana,Nizamabad,Nizamabad,TURMERIC,48.1,4974.5,6345.5,5902
2022-12-12,Telangana,Nizamabad,Nizamabad,TURMERIC,87.3,4764.5,6840.5,6170
2022-12-09,Telangana,Nizamabad,Nizamabad,TURMERIC,15.4,4610,6074.5,4980
2022-12-08,Telangana,Nizamabad,Nizamabad,TURMERIC,49.4,4360,6542,6114.5
2022-12-07,Telangana,Nizamabad,Nizamabad,TURMERIC,50.4,4347,6983.5,6195.5
2022-12-06,Telangana,Nizamabad,Nizamabad,TURMERIC,61.6,5292,7085,6493.5
2022-12-05,Telangana,Nizamabad,Nizamabad,TURMERIC,74.8,5182.5,6294.5,5898.5
2022-12-02,Telangana,Nizamabad,Nizamabad,TURMERIC,47.4,4179,6415,5992
2022-12-01,Telangana,Nizamabad,Nizamabad,TURMERIC,61.8,4783,6667.5,6342
2022-11-30,Telangana,Nizamabad,Nizamabad,TURMERIC,39.4,5456.5,6649,6242
2022-11-29,Telangana,Nizamabad,Nizamabad,TURMERIC,73.3,4300,6687,6287
2022-11-28,Telangana,Nizamabad,Nizamabad,TURMERIC,64.8,4853,7550,5922
2022-11-26,Telangana,Nizamabad,Nizamabad,TURMERIC,9.8,6200,6200,6200
2022-11-25,Telangana,Nizamabad,Nizamabad,TURMERIC,38.9,5422,6808.5,6153
2022-11-24,Telangana,Nizamabad,Nizamabad,TURMERIC,,3500,6131,5359
2022-11-21,Telangana,Nizamabad,Nizamabad,TURMERIC,62,4101.5,6232,5515
2022-11-18,Telangana,Nizamabad,Nizamabad,TURMERIC,22.1,4528,6394.5,5030
2022-11-17,Telangana,Nizamabad,Nizamabad,TURMERIC,21.4,4722,6790.5,6469.5
2022-11-16,Telangana,Nizamabad,Nizamabad,TURMERIC,29.9,4259,7063,5842.5
2022-11-15,Telangana,Nizamabad,Nizamabad,TURMERIC,20.8,4169,6450,5549.5
2022-11-14,Telangana,Nizamabad,Nizamabad,TURMERIC,84.7,5007.5,6790,5934
2022-11-11,Telangana,Nizamabad,Nizamabad,TURMERIC,78.8,4239,7047,5892
2022-11-10,Telangana,Nizamabad,Nizamabad,TURMERIC,88.5,4128,7024,6068
2022-11-09,Telangana,Nizamabad,Nizamabad,TURMERIC,9.3,4000,6012,5729
2022-11-07,Telangana,Nizamabad,Nizamabad,TURMERIC,39.1,4199,7113,5846
2022-11-04,Telangana,Nizamabad,Nizamabad,TURMERIC,35.1,4112.5,6477.5,6010.5
2022-11-03,Telangana,Nizamabad,Nizamabad,TURMERIC,78.9,4000,6412.5,5544
2022-11-02,Telangana,Nizamabad,Nizamabad,TURMERIC,65.6,4125.5,6390,5705
2022-11-01,Telangana,Nizamabad,Nizamabad,TURMERIC,60.8,4380,6211,5866.5
2022-10-31,Telangana,Nizamabad,Nizamabad,TURMERIC,60.5,3829.5,6630,5455
2022-10-28,Telangana,Nizamabad,Nizamabad,TURMERIC,232.1,4557.5,7238.5,5722
2022-10-20,Telangana,Nizamabad,Nizamabad,TURMERIC,73.3,3559.5,5940,4955
2022-10-19,Telangana,Nizamabad,Nizamabad,TURMERIC,46.9,5100.5,6531,5954
2022-10-18,Telangana,Nizamabad,Nizamabad,TURMERIC,29.2,4749,5892,5357
2022-10-14,Telangana,Nizamabad,Nizamabad,TURMERIC,43.5,4084.5,5653,4977.5
2022-10-13,Telangana,Nizamabad,Nizamabad,TURMERIC,146.6,4385,6783.5,5677.5
2022-10-12,Telangana,Nizamabad,Nizamabad,TURMERIC,81.5,4457.5,5939,5450
2022-10-10,Telangana,Nizamabad,Nizamabad,TURMERIC,85,4415.5,5869.5,5434.5
2022-10-07,Telangana,Nizamabad,Nizamabad,TURMERIC,114.9,4139,6056.5,5003
2022-09-30,Telangana,Nizamabad,Nizamabad,TURMERIC,21.3,4506,5669.5,5358
2022-09-21,Telangana,Nizamabad,Nizamabad,TURMERIC,100.6,4289,6393.5,5580.5
2022-09-20,Telangana,Nizamabad,Nizamabad,TURMERIC,33.8,3750,6020.5,5528
2022-09-19,Telangana,Nizamabad,Nizamabad,TURMERIC,105.3,4209,6323.5,5594
2022-09-16,Telangana,Nizamabad,Nizamabad,TURMERIC,68.2,4825,5898.5,5487.5
2022-09-15,Telangana,Nizamabad,Nizamabad,TURMERIC,59,4427.5,6646.5,5599
2022-09-14,Telangana,Nizamabad,Nizamabad,TURMERIC,56.5,4288,6402.5,5637
2022-09-13,Telangana,Nizamabad,Nizamabad,TURMERIC,82.5,3759.5,6273.5,5572
2022-09-12,Telangana,Nizamabad,Nizamabad,TURMERIC,65.1,4184.5,6446.5,5550.5
2022-09-08,Telangana,Nizamabad,Nizamabad,TURMERIC,131.2,3782.5,6492.5,5688.5
2022-09-06,Telangana,Nizamabad,Nizamabad,TURMERIC,82,4257.5,6524,5880.5
2022-09-05,Telangana,Nizamabad,Nizamabad,TURMERIC,3.5,6710,6710,6710
2022-09-02,Telangana,Nizamabad,Nizamabad,TURMERIC,82,4257.5,6510.5,5833.5
2022-09-01,Telangana,Nizamabad,Nizamabad,TURMERIC,41.2,4109,6327.5,5662.5
2022-08-30,Telangana,Nizamabad,Nizamabad,TURMERIC,63.4,4439.5,6723,6111.5
2022-08-29,Telangana,Nizamabad,Nizamabad,TURMERIC,106.6,4118,6638,5622
2022-08-26,Telangana,Nizamabad,Nizamabad,TURMERIC,20.3,4429.5,6195,5854.5
2022-08-25,Telangana,Nizamabad,Nizamabad,TURMERIC,71.9,4107.5,6508,5788
2022-08-24,Telangana,Nizamabad,Nizamabad,TURMERIC,108.2,4242.5,6755.5,6062.5
2022-08-23,Telangana,Nizamabad,Nizamabad,TURMERIC,115.1,4507.5,6301.5,5809.5
2022-08-22,Telangana,Nizamabad,Nizamabad,TURMERIC,156.3,4389,6680,6062.5
2022-08-19,Telangana,Nizamabad,Nizamabad,TURMERIC,71.1,4303.5,6564.5,5840
2022-08-18,Telangana,Nizamabad,Nizamabad,TURMERIC,78.5,4125.5,6555,5809.5
2022-08-17,Telangana,Nizamabad,Nizamabad,TURMERIC,66.9,3973,6385.5,5731.5
2022-08-16,Telangana,Nizamabad,Nizamabad,TURMERIC,74.1,4015.5,6704.5,5919.5
2022-08-11,Telangana,Nizamabad,Nizamabad,TURMERIC,41.8,4558.5,6484.5,5728
2022-08-10,Telangana,Nizamabad,Nizamabad,TURMERIC,143.4,4661,6669,5704.5
2022-08-08,Telangana,Nizamabad,Nizamabad,TURMERIC,98.8,4459,6479,5902.5
2022-08-05,Telangana,Nizamabad,Nizamabad,TURMERIC,88.2,4159,6726,5809.5
2022-08-04,Telangana,Nizamabad,Nizamabad,TURMERIC,67,4479.5,6750,5842
2022-08-03,Telangana,Nizamabad,Nizamabad,TURMERIC,154.2,4554.5,7110,6250
2022-08-02,Telangana,Nizamabad,Nizamabad,TURMERIC,97.8,4483,7112.5,6028.5
2022-08-01,Telangana,Nizamabad,Nizamabad,TURMERIC,183.4,4375,6960.5,6167.5
2022-07-29,Telangana,Nizamabad,Nizamabad,TURMERIC,177.5,4265.5,6912.5,6002
2022-07-27,Telangana,Nizamabad,Nizamabad,TURMERIC,229.6,4504.5,7019,6204.5
2022-07-22,Telangana,Nizamabad,Nizamabad,TURMERIC,195.7,5023.5,6755,6149.5
2022-07-21,Telangana,Nizamabad,Nizamabad,TURMERIC,89.7,4824.5,6775,6197
2022-07-20,Telangana,Nizamabad,Nizamabad,TURMERIC,219.5,4771.5,7009.5,6367.5
2022-07-19,Telangana,Nizamabad,Nizamabad,TURMERIC,,5005.5,7102.5,6110.5
2022-07-18,Telangana,Nizamabad,Nizamabad,TURMERIC,170.9,4250,6855,6028
2022-07-15,Telangana,Nizamabad,Nizamabad,TURMERIC,39,4500,6382,6027.5
2022-07-14,Telangana,Nizamabad,Nizamabad,TURMERIC,49.8,5600,6130.5,6080.5
2022-07-12,Telangana,Nizamabad,Nizamabad,TURMERIC,4.7,5656,5656,5656
2022-07-11,Telangana,Nizamabad,Nizamabad,TURMERIC,61.8,4644,6251.5,5878
2022-07-08,Telangana,Nizamabad,Nizamabad,TURMERIC,115.9,4118.5,7634,6073
2022-07-07,Telangana,Nizamabad,Nizamabad,TURMERIC,150.5,4312.5,7086,6215.5
2022-07-06,Telangana,Nizamabad,Nizamabad,TURMERIC,200.7,4674.5,6992.5,6035
2022-07-05,Telangana,Nizamabad,Nizamabad,TURMERIC,186.4,4191.5,7006,6194
2022-07-04,Telangana,Nizamabad,Nizamabad,TURMERIC,274.4,4214,7373,6089
2022-06-28,Telangana,Nizamabad,Nizamabad,TURMERIC,131.3,4500,7491,6111
2022-06-27,Telangana,Nizamabad,Nizamabad,TURMERIC,292.7,4500,7413,6166
2022-06-24,Telangana,Nizamabad,Nizamabad,TURMERIC,141,4503.5,6690,6074.5
2022-06-23,Telangana,Nizamabad,Nizamabad,TURMERIC,241.3,4503,7353.5,6071.5
2022-06-22,Telangana,Nizamabad,Nizamabad,TURMERIC,208.8,4512.5,7413,5825
2022-06-20,Telangana,Nizamabad,Nizamabad,TURMERIC,358.8,4505.5,7221.5,6006.5
2022-06-17,Telangana,Nizamabad,Nizamabad,TURMERIC,146.1,4500.5,6389.5,5850
2022-06-16,Telangana,Nizamabad,Nizamabad,TURMERIC,248.3,4500,7169.5,5946
2022-06-15,Telangana,Nizamabad,Nizamabad,TURMERIC,206,4503,7096,5802.5
2022-06-14,Telangana,Nizamabad,Nizamabad,TURMERIC,255.3,4500,7048.5,6118.5
2022-06-13,Telangana,Nizamabad,Nizamabad,TURMERIC,434,4930,7122,5687.5
2022-06-10,Telangana,Nizamabad,Nizamabad,TURMERIC,276.7,4525.5,7387.5,6140.5
2022-06-09,Telangana,Nizamabad,Nizamabad,TURMERIC,326.9,4505.5,7118,5970
2022-06-08,Telangana,Nizamabad,Nizamabad,TURMERIC,,4006,6500,5686
2022-06-07,Telangana,Nizamabad,Nizamabad,TURMERIC,325.4,4512.5,7456,6103.5
2022-06-06,Telangana,Nizamabad,Nizamabad,TURMERIC,372.2,4503,7619,5995.5
2022-06-03,Telangana,Nizamabad,Nizamabad,TURMERIC,287.6,4503,7143.5,6070.5
2022-06-02,Telangana,Nizamabad,Nizamabad,TURMERIC,261.3,4503,7038,6077
2022-06-01,Telangana,Nizamabad,Nizamabad,TURMERIC,236.6,4500.5,7347.5,6121.5
2022-05-31,Telangana,Nizamabad,Nizamabad,TURMERIC,425,4503.5,7125,5978
2022-05-27,Telangana,Nizamabad,Nizamabad,TURMERIC,158.8,4600.5,7025,5659
2022-05-26,Telangana,Nizamabad,Nizamabad,TURMERIC,164.7,4512.5,6787,5837
2022-05-24,Telangana,Nizamabad,Nizamabad,TURMERIC,269.5,4500,7137,6117.5
2022-05-23,Telangana,Nizamabad,Nizamabad,TURMERIC,277.9,4514,7023.5,6124
2022-05-20,Telangana,Nizamabad,Nizamabad,TURMERIC,173.2,4530.5,7034.5,6087
2022-05-19,Telangana,Nizamabad,Nizamabad,TURMERIC,173.2,4513,7012.5,6083
2022-05-18,Telangana,Nizamabad,Nizamabad,TURMERIC,166.5,4506.5,6913,6013
2022-05-17,Telangana,Nizamabad,Nizamabad,TURMERIC,352.6,4500,7415,6082.5
2022-05-16,Telangana,Nizamabad,Nizamabad,TURMERIC,262.3,4166,7564.5,6014
2022-05-13,Telangana,Nizamabad,Nizamabad,TURMERIC,206.7,4554.5,6853,6077.5
2022-05-12,Telangana,Nizamabad,Nizamabad,TURMERIC,328.9,4563.5,7029,6157.5
2022-05-11,Telangana,Nizamabad,Nizamabad,TURMERIC,324.6,4513.5,7152,6001
2022-05-10,Telangana,Nizamabad,Nizamabad,TURMERIC,405.8,4503.5,7734.5,6264
2022-05-09,Telangana,Nizamabad,Nizamabad,TURMERIC,403.1,4503,8193,6259.5
2022-05-06,Telangana,Nizamabad,Nizamabad,TURMERIC,261.6,4553,7319.5,6158.5
2022-05-05,Telangana,Nizamabad,Nizamabad,TURMERIC,464,4503.5,7423.5,6000
2022-05-02,Telangana,Nizamabad,Nizamabad,TURMERIC,276.9,4536,8718,6284.5
2022-04-29,Telangana,Nizamabad,Nizamabad,TURMERIC,228.3,4600,7565.5,6239
2022-04-28,Telangana,Nizamabad,Nizamabad,TURMERIC,444.5,4502.5,7714,6428.5
2022-04-27,Telangana,Nizamabad,Nizamabad,TURMERIC,539.4,4555.5,7641.5,6448.5
2022-04-26,Telangana,Nizamabad,Nizamabad,TURMERIC,1201.3,4027,7119,6060
2022-04-22,Telangana,Nizamabad,Nizamabad,TURMERIC,501.7,4541,7833.5,6559
2022-04-21,Telangana,Nizamabad,Nizamabad,TURMERIC,576.2,4503.5,8514,6652.5
2022-04-20,Telangana,Nizamabad,Nizamabad,TURMERIC,823.6,4504.5,7804,6747
2022-04-19,Telangana,Nizamabad,Nizamabad,TURMERIC,1005.3,4503,8010,6779
2022-04-18,Telangana,Nizamabad,Nizamabad,TURMERIC,1556.4,4527,8139.5,6865
2022-04-12,Telangana,Nizamabad,Nizamabad,TURMERIC,899.8,4505.5,8438.5,6728.5
2022-04-11,Telangana,Nizamabad,Nizamabad,TURMERIC,1836.4,4513.5,8515,7287.5
2022-04-08,Telangana,Nizamabad,Nizamabad,TURMERIC,841.6,4500,8233.5,6907.5
2022-04-07,Telangana,Nizamabad,Nizamabad,TURMERIC,201.3,4510.5,8329,7062
2022-04-06,Telangana,Nizamabad,Nizamabad,TURMERIC,2331.2,4500,8165,6938.5
2022-04-04,Telangana,Nizamabad,Nizamabad,TURMERIC,2526.2,4503,8625.5,6906
2022-03-24,Telangana,Nizamabad,Nizamabad,TURMERIC,1385.3,4500,7523,5889
2022-03-23,Telangana,Nizamabad,Nizamabad,TURMERIC,1542.4,4500,7694.5,6004
2022-03-22,Telangana,Nizamabad,Nizamabad,TURMERIC,1587.5,4500,7483,6029
2022-03-21,Telangana,Nizamabad,Nizamabad,TURMERIC,2957.3,4500,7679.5,6227
2022-03-16,Telangana,Nizamabad,Nizamabad,TURMERIC,80.1,4500,6500,4753
2022-03-15,Telangana,Nizamabad,Nizamabad,TURMERIC,1161.6,4500,7388.5,6129.5
2022-03-14,Telangana,Nizamabad,Nizamabad,TURMERIC,2190.7,4500.5,7939,6405
2022-03-12,Telangana,Nizamabad,Nizamabad,TURMERIC,50.1,4500,6932,4625.5
2022-03-11,Telangana,Nizamabad,Nizamabad,TURMERIC,1159.6,4500.5,7563,6224
2022-03-10,Telangana,Nizamabad,Nizamabad,TURMERIC,1266.9,4502.5,8019.5,6276.5
2022-03-09,Telangana,Nizamabad,Nizamabad,TURMERIC,1272,4500,8309.5,6304
2022-03-08,Telangana,Nizamabad,Nizamabad,TURMERIC,1324.1,4504.5,7846,6366
2022-03-07,Telangana,Nizamabad,Nizamabad,TURMERIC,2471.6,4500.5,8174,6555
2022-03-04,Telangana,Nizamabad,Nizamabad,TURMERIC,924.2,4504.5,7988,6459.5
2022-03-03,Telangana,Nizamabad,Nizamabad,TURMERIC,1721.9,4503,8156,6661
2022-02-25,Telangana,Nizamabad,Nizamabad,TURMERIC,1127.3,4500.5,8027.5,6040.5
2022-02-24,Telangana,Nizamabad,Nizamabad,TURMERIC,1214.1,4500,7963,6102.5
2022-02-23,Telangana,Nizamabad,Nizamabad,TURMERIC,1231.5,4500,8040,6096
2022-02-22,Telangana,Nizamabad,Nizamabad,TURMERIC,1122.4,4500,8093.5,5960
2022-02-21,Telangana,Nizamabad,Nizamabad,TURMERIC,1576.5,4500,8021.5,5725
2022-02-18,Telangana,Nizamabad,Nizamabad,TURMERIC,712,4500,7424,5119.5
2022-02-17,Telangana,Nizamabad,Nizamabad,TURMERIC,757,4500,6984.5,4983
2022-02-16,Telangana,Nizamabad,Nizamabad,TURMERIC,852.4,4500,7182.5,5078
2022-02-15,Telangana,Nizamabad,Nizamabad,TURMERIC,769,4509,7313.5,5315
2022-02-14,Telangana,Nizamabad,Nizamabad,TURMERIC,1347.2,4500,7683.5,5494
2022-02-11,Telangana,Nizamabad,Nizamabad,TURMERIC,660.9,4750,7347,5451
2022-02-10,Telangana,Nizamabad,Nizamabad,TURMERIC,860.1,4750,7680,5630
2022-02-09,Telangana,Nizamabad,Nizamabad,TURMERIC,1958.8,4750,7815.5,5677.5
2022-02-04,Telangana,Nizamabad,Nizamabad,TURMERIC,596.7,4750,7515,5618.5
2022-02-03,Telangana,Nizamabad,Nizamabad,TURMERIC,422.8,4750,7389,5685.5
2022-02-02,Telangana,Nizamabad,Nizamabad,TURMERIC,580.2,4750,7654,5945
2022-01-31,Telangana,Nizamabad,Nizamabad,TURMERIC,393.8,4755.5,7570.5,5827
2022-01-28,Telangana,Nizamabad,Nizamabad,TURMERIC,177.3,6102.5,8501,6690.5
2022-01-27,Telangana,Nizamabad,Nizamabad,TURMERIC,176,6596,8295.5,7703
2022-01-25,Telangana,Nizamabad,Nizamabad,TURMERIC,92,7124,8443,7566.5
2022-01-24,Telangana,Nizamabad,Nizamabad,TURMERIC,236.7,4927.5,9048.5,8409
2022-01-21,Telangana,Nizamabad,Nizamabad,TURMERIC,102,6113.5,9203.5,7844.5
2022-01-20,Telangana,Nizamabad,Nizamabad,TURMERIC,99.6,6130.5,9105.5,8642.5
2022-01-19,Telangana,Nizamabad,Nizamabad,TURMERIC,101.1,5282.5,8608.5,7151
2022-01-18,Telangana,Nizamabad,Nizamabad,TURMERIC,107.6,5947.5,8528.5,7625
2022-01-17,Telangana,Nizamabad,Nizamabad,TURMERIC,64.7,5968,8254.5,7655
2022-01-12,Telangana,Nizamabad,Nizamabad,TURMERIC,40.7,5203.5,8052.5,6637.5
2022-01-11,Telangana,Nizamabad,Nizamabad,TURMERIC,105.5,5727,8469.5,7505
2022-01-10,Telangana,Nizamabad,Nizamabad,TURMERIC,156.9,4984.5,8814,7157.5
2022-01-07,Telangana,Nizamabad,Nizamabad,TURMERIC,73.6,5525.5,8210,7086.5
2022-01-06,Telangana,Nizamabad,Nizamabad,TURMERIC,100.6,5230.5,8464,7558
2022-01-05,Telangana,Nizamabad,Nizamabad,TURMERIC,162.9,5912,8790,7824
2022-01-04,Telangana,Nizamabad,Nizamabad,TURMERIC,123.3,5283,8377.5,7532.5
2022-01-03,Telangana,Nizamabad,Nizamabad,TURMERIC,100.3,5445,8560.5,7665.5
